-- phpMyAdmin SQL Dump
-- version 4.9.0.1
-- https://www.phpmyadmin.net/
--
-- 主機： sql103.infinityfree.com
-- 產生時間： 2025 年 05 月 03 日 11:37
-- 伺服器版本： 10.6.19-MariaDB
-- PHP 版本： 7.2.22

SET SQL_MODE = "NO_AUTO_VALUE_ON_ZERO";
SET AUTOCOMMIT = 0;
START TRANSACTION;
SET time_zone = "+00:00";


/*!40101 SET @OLD_CHARACTER_SET_CLIENT=@@CHARACTER_SET_CLIENT */;
/*!40101 SET @OLD_CHARACTER_SET_RESULTS=@@CHARACTER_SET_RESULTS */;
/*!40101 SET @OLD_COLLATION_CONNECTION=@@COLLATION_CONNECTION */;
/*!40101 SET NAMES utf8mb4 */;

--
-- 資料庫： `if0_38216806_vbstat`
--

-- --------------------------------------------------------

--
-- 資料表結構 `accounts`
--

CREATE TABLE `accounts` (
  `acid` int(255) NOT NULL,
  `username` varchar(255) NOT NULL,
  `pw` varchar(255) DEFAULT NULL
) ENGINE=InnoDB DEFAULT CHARSET=utf8mb4 COLLATE=utf8mb4_general_ci;

--
-- 傾印資料表的資料 `accounts`
--

INSERT INTO `accounts` (`acid`, `username`, `pw`) VALUES
(1, 'Easy', NULL),
(2, 'DF', NULL);

-- --------------------------------------------------------

--
-- 資料表結構 `action`
--

CREATE TABLE `action` (
  `aid` int(255) NOT NULL,
  `aname` varchar(255) NOT NULL,
  `category` varchar(255) NOT NULL,
  `score` float NOT NULL,
  `sorting` int(10) DEFAULT NULL
) ENGINE=InnoDB DEFAULT CHARSET=utf8mb4 COLLATE=utf8mb4_general_ci;

--
-- 傾印資料表的資料 `action`
--

INSERT INTO `action` (`aid`, `aname`, `category`, `score`, `sorting`) VALUES
(1, '殺波', '進攻', 1, NULL),
(2, 'Tip波', '進攻', 1, NULL),
(3, '二段', '進攻', 1, NULL),
(5, '進攻<br>失分', '進攻', -1, 8),
(6, '破壞性進攻', '進攻', 0, 16),
(7, '攔網<br/>得分', '攔網', 1, NULL),
(8, '多人<br/>攔網', '攔網', 0.5, NULL),
(9, '攔網<br/>失分', '攔網', -1, 7),
(10, '有效<br>攔網', '攔網', 0, 11),
(11, '多人攔網', '攔網', 0, 13),
(12, '一傳<br/>過網', '一傳', 1, NULL),
(13, '接發<br>到位', '一傳', 0, 9),
(14, '接發<br>唔到位', '一傳', 0, 10),
(15, '接發<br>失分', '一傳', -1, 6),
(16, '守殺<br>失分', '一傳', -1, 1),
(17, 'Cover到位', '一傳', 0, 7),
(18, 'Cover唔到位', '一傳', 0, 8),
(19, 'Cover失分', '一傳', -1, 4),
(20, '無跟cover', '一傳', -1, 5),
(21, 'Ace', '發球', 1, NULL),
(22, '發球', '發球', 0, 99),
(23, '發球<br>失分', '發球', -1, 10),
(25, 'Set<br>到位', 'Setting', 0, 14),
(26, 'Set<br>唔到位', 'Setting', 0, 15),
(27, 'Set波', 'Setting', -1, 9),
(28, '其他<br>失誤', '其他失誤', -1, 100),
(29, '對方<br>失誤', '對方失誤', 1, NULL),
(30, '發球破壞一傳', '發球', 0, 100),
(31, 'Free波<br/>到位', '一傳', 0, 5),
(32, 'Free波<br/>唔到位', '一傳', 0, 6),
(33, '無效<br>攔網', '攔網', 0, 12),
(34, '無效<br>進攻', '進攻', 0, 17),
(35, '守殺<br/>到位', '一傳', 0, 1),
(36, '守殺<br/>唔到位', '一傳', 0, 2),
(37, '守tip<br/>到位', '一傳', 0, 3),
(38, '守tip<br/>唔到位', '一傳', 0, 4),
(39, '守tip<br>失分', '一傳', -1, 2),
(40, 'Free波<br>失分', '一傳', -1, 3);

-- --------------------------------------------------------

--
-- 資料表結構 `matches`
--

CREATE TABLE `matches` (
  `mid` int(255) NOT NULL,
  `acid` int(255) NOT NULL,
  `date` date NOT NULL,
  `type` varchar(255) NOT NULL,
  `tid` int(255) NOT NULL,
  `tgrade` varchar(255) NOT NULL,
  `trate` int(255) NOT NULL,
  `youtube` varchar(255) DEFAULT NULL
) ENGINE=InnoDB DEFAULT CHARSET=utf8mb4 COLLATE=utf8mb4_general_ci;

--
-- 傾印資料表的資料 `matches`
--

INSERT INTO `matches` (`mid`, `acid`, `date`, `type`, `tid`, `tgrade`, `trate`, `youtube`) VALUES
(52, 1, '2025-02-04', 'Friendly', 15, '', 0, NULL),
(55, 1, '2025-02-27', 'Friendly', 18, '', 0, NULL),
(57, 1, '2025-02-09', 'Friendly', 20, '', 0, NULL),
(58, 2, '0004-02-27', '私league', 15, '其他', 5, NULL),
(59, 1, '2025-02-16', 'Friendly', 21, '丙組', 3, NULL),
(61, 1, '2025-03-09', 'Friendly', 22, '其他', 3, 'https://youtube.com/playlist?list=PLSK7fJNyU1HSuyb9rpuSpg6LrhUiImauZ&amp;si=HjgpAYT_kjConRf1'),
(62, 2, '2025-04-04', 'Friendly', 23, '丙組', 1, 'https://youtube.com/playlist?list=PLSK7fJNyU1HQ4TAJ_JDiYhMtDtS6jeJsc&amp;si=rzO-BWB6CoFR8GlW'),
(63, 2, '2025-04-19', 'Friendly', 24, '丙組', 2, 'https://youtube.com/playlist?list=PLSK7fJNyU1HTHdjUS9r_oks5k68yIP_Sk&amp;si=81-zVjujmsnE3Jal'),
(64, 1, '2025-04-27', 'Friendly', 26, '丙組', 3, 'https://youtube.com/playlist?list=PLSK7fJNyU1HTPvKPW46IwnEc16smcFQoo&amp;si=vWeqsBDKJP_GuTqa'),
(66, 2, '2025-04-30', 'Friendly', 27, '丙組', 1, 'https://youtube.com/playlist?list=PLzan8Tq2EFJ1-4C8Oi6lhiNN1v-TWqxCb&amp;si=Hm9QClFG-wu8kIoS'),
(69, 2, '2025-05-01', 'Friendly', 28, '丙組', 2, 'https://youtube.com/playlist?list=PLSK7fJNyU1HQ2oHGS9rcis7oJUwYrF_4H&amp;si=lGWauSryiZOPBwOG');

-- --------------------------------------------------------

--
-- 資料表結構 `player`
--

CREATE TABLE `player` (
  `pid` int(255) NOT NULL,
  `pname` varchar(255) NOT NULL,
  `acid` int(255) DEFAULT NULL
) ENGINE=InnoDB DEFAULT CHARSET=utf8mb4 COLLATE=utf8mb4_general_ci;

--
-- 傾印資料表的資料 `player`
--

INSERT INTO `player` (`pid`, `pname`, `acid`) VALUES
(0, '對方<br>球員', NULL),
(1, 'cy', 1),
(2, 'Tygan', 1),
(10, 'Pak', 1),
(11, 'Nick', 1),
(12, 'Ocean', 1),
(13, '聰', 1),
(14, '卡', 1),
(15, '峻', 1),
(17, '樹', 1),
(18, '羊', 1),
(19, 'Hei', 1),
(21, '康', 1),
(22, 'DF', 1),
(23, '威', 1),
(24, 'Lim', 1),
(25, 'Paco', 1),
(26, '豪記', 2),
(27, '王傑', 2),
(28, '龍', 2),
(29, 'Jacob', 2),
(30, '希', 2),
(31, 'Stanley', 2),
(32, '虎', 2),
(33, '7', 2),
(34, 'MK', 2),
(35, '菜頭', 2),
(36, '卡樂B', 2),
(37, '峻', 2),
(38, '康', 2),
(39, 'Pk', 1),
(40, '比', 1);

-- --------------------------------------------------------

--
-- 資料表結構 `result`
--

CREATE TABLE `result` (
  `resid` int(255) NOT NULL,
  `sid` int(255) NOT NULL,
  `pid` int(255) NOT NULL,
  `rid` int(255) NOT NULL,
  `aid` int(255) NOT NULL
) ENGINE=InnoDB DEFAULT CHARSET=utf8mb4 COLLATE=utf8mb4_general_ci;

--
-- 傾印資料表的資料 `result`
--

INSERT INTO `result` (`resid`, `sid`, `pid`, `rid`, `aid`) VALUES
(1, 20, 1, 1, 35),
(4, 20, 1, 1, 36),
(5, 20, 1, 1, 37),
(6, 20, 1, 1, 38),
(7, 20, 1, 1, 31),
(15, 35, 17, 4, 22),
(16, 35, 17, 4, 22),
(17, 35, 0, 7, 29),
(18, 35, 17, 4, 22),
(20, 35, 17, 4, 22),
(21, 35, 15, 3, 7),
(22, 35, 17, 4, 22),
(23, 35, 1, 1, 9),
(24, 35, 24, 1, 13),
(25, 35, 17, 4, 25),
(26, 35, 15, 1, 1),
(27, 35, 1, 1, 23),
(28, 35, 24, 1, 13),
(29, 35, 17, 4, 26),
(31, 35, 15, 3, 6),
(32, 35, 15, 3, 31),
(33, 35, 17, 4, 26),
(34, 35, 14, 2, 34),
(35, 35, 0, 7, 29),
(36, 35, 14, 2, 22),
(39, 35, 14, 2, 16),
(40, 35, 1, 1, 14),
(41, 35, 0, 7, 29),
(42, 35, 15, 3, 30),
(43, 35, 15, 3, 31),
(44, 35, 17, 4, 25),
(45, 35, 24, 1, 1),
(46, 35, 15, 3, 22),
(47, 35, 24, 1, 33),
(48, 35, 11, 1, 36),
(49, 35, 17, 4, 10),
(50, 35, 1, 1, 35),
(51, 35, 17, 4, 25),
(52, 35, 24, 1, 1),
(53, 35, 15, 3, 30),
(54, 35, 11, 5, 31),
(55, 35, 17, 4, 25),
(56, 35, 24, 1, 5),
(57, 35, 11, 5, 14),
(58, 35, 17, 4, 25),
(59, 35, 15, 6, 34),
(60, 35, 15, 3, 38),
(61, 35, 24, 1, 25),
(62, 35, 1, 6, 6),
(63, 35, 24, 1, 31),
(64, 35, 17, 4, 26),
(65, 35, 1, 6, 5),
(66, 35, 11, 5, 13),
(67, 35, 17, 4, 26),
(68, 35, 24, 1, 1),
(69, 35, 24, 1, 22),
(71, 35, 24, 1, 16),
(72, 35, 24, 1, 15),
(74, 35, 24, 1, 13),
(75, 35, 17, 4, 25),
(76, 35, 1, 1, 1),
(77, 35, 2, 2, 22),
(79, 35, 14, 2, 9),
(80, 35, 24, 1, 14),
(81, 35, 17, 4, 25),
(82, 35, 24, 1, 18),
(83, 35, 11, 5, 36),
(84, 35, 17, 4, 25),
(85, 35, 1, 1, 1),
(86, 35, 17, 4, 22),
(88, 35, 11, 5, 39),
(89, 35, 24, 1, 13),
(92, 35, 17, 4, 25),
(93, 35, 15, 1, 2),
(94, 35, 1, 1, 22),
(95, 35, 14, 2, 9),
(96, 35, 1, 1, 14),
(98, 35, 15, 3, 27),
(99, 35, 11, 5, 14),
(100, 35, 14, 2, 28),
(101, 35, 11, 5, 13),
(102, 35, 17, 4, 25),
(103, 35, 14, 2, 1),
(104, 35, 14, 2, 22),
(105, 35, 1, 1, 36),
(106, 35, 15, 3, 25),
(107, 35, 1, 6, 6),
(108, 35, 14, 2, 36),
(109, 35, 15, 3, 32),
(110, 35, 17, 4, 25),
(111, 35, 2, 2, 1),
(113, 35, 14, 2, 30),
(114, 35, 2, 2, 10),
(115, 35, 24, 1, 35),
(116, 35, 17, 4, 26),
(117, 35, 15, 3, 34),
(118, 35, 0, 7, 29),
(119, 35, 14, 2, 22),
(120, 35, 15, 3, 10),
(121, 35, 1, 1, 36),
(122, 35, 17, 4, 36),
(124, 35, 1, 6, 34),
(125, 35, 14, 2, 36),
(126, 35, 0, 7, 29),
(127, 35, 14, 2, 22),
(128, 35, 15, 3, 37),
(129, 35, 17, 4, 26),
(130, 35, 1, 6, 34),
(131, 35, 0, 7, 29),
(132, 35, 14, 2, 22),
(133, 35, 24, 1, 10),
(134, 35, 1, 1, 35),
(135, 35, 17, 4, 25),
(136, 35, 24, 1, 1),
(137, 35, 14, 2, 22),
(138, 35, 15, 3, 11),
(139, 35, 14, 2, 36),
(140, 35, 15, 3, 25),
(142, 35, 1, 6, 1),
(143, 35, 14, 2, 22),
(144, 35, 14, 2, 16),
(145, 35, 0, 7, 29),
(146, 35, 15, 3, 30),
(147, 35, 15, 3, 31),
(148, 35, 17, 4, 25),
(149, 35, 2, 2, 1),
(150, 35, 15, 3, 22),
(151, 35, 2, 2, 7),
(152, 35, 15, 3, 30),
(153, 35, 24, 1, 33),
(154, 35, 11, 5, 36),
(155, 35, 15, 6, 6),
(156, 35, 1, 1, 35),
(157, 35, 17, 4, 25),
(158, 35, 24, 1, 5),
(159, 35, 11, 5, 15),
(160, 35, 24, 1, 13),
(161, 35, 17, 1, 25),
(162, 35, 24, 1, 1),
(163, 35, 24, 1, 22),
(164, 35, 0, 7, 29),
(165, 35, 24, 1, 30),
(166, 35, 2, 1, 10),
(167, 35, 24, 1, 35),
(168, 35, 17, 1, 25),
(169, 35, 1, 1, 1),
(170, 35, 24, 1, 30),
(171, 35, 1, 1, 36),
(172, 35, 15, 1, 37),
(173, 35, 17, 1, 25),
(174, 35, 1, 1, 1),
(175, 37, 39, 1, 13),
(176, 37, 40, 4, 25),
(177, 37, 1, 1, 34),
(178, 37, 25, 1, 18),
(180, 37, 18, 5, 25),
(181, 37, 1, 1, 1),
(183, 37, 40, 4, 21),
(185, 37, 40, 4, 30),
(186, 37, 1, 1, 31),
(188, 37, 25, 2, 26),
(189, 37, 1, 1, 2),
(190, 37, 40, 4, 22),
(191, 37, 39, 1, 36),
(192, 37, 40, 4, 26),
(193, 37, 1, 1, 34),
(194, 37, 1, 1, 7),
(195, 37, 40, 4, 22),
(196, 37, 0, 7, 29),
(197, 37, 40, 4, 30),
(198, 37, 1, 1, 31),
(199, 37, 40, 4, 25),
(200, 37, 21, 3, 6),
(201, 37, 25, 2, 9),
(204, 37, 21, 3, 15),
(205, 37, 0, 7, 29),
(206, 37, 1, 1, 30),
(208, 37, 0, 7, 29),
(209, 37, 1, 1, 23),
(210, 37, 39, 1, 15),
(211, 37, 39, 1, 14),
(212, 37, 1, 1, 31),
(213, 37, 40, 4, 26),
(214, 37, 39, 1, 34),
(215, 37, 21, 3, 10),
(216, 37, 40, 4, 35),
(217, 37, 1, 1, 26),
(218, 37, 39, 1, 34),
(219, 37, 25, 2, 10),
(220, 37, 0, 7, 29),
(221, 37, 25, 2, 22),
(222, 37, 25, 2, 16),
(223, 37, 1, 1, 13),
(224, 37, 40, 4, 25),
(225, 37, 39, 1, 5),
(226, 37, 1, 1, 14),
(227, 37, 40, 4, 35),
(228, 37, 18, 5, 25),
(229, 37, 39, 1, 1),
(230, 37, 21, 3, 22),
(231, 37, 40, 4, 10),
(232, 37, 1, 1, 36),
(233, 37, 39, 1, 10),
(234, 37, 2, 2, 36),
(236, 37, 18, 5, 16),
(237, 37, 1, 1, 13),
(238, 37, 40, 4, 26),
(239, 37, 39, 1, 34),
(240, 37, 21, 3, 17),
(241, 37, 40, 4, 26),
(242, 37, 21, 3, 37),
(243, 37, 40, 4, 25),
(244, 37, 2, 2, 6),
(246, 37, 21, 3, 16),
(247, 37, 1, 1, 14),
(248, 37, 40, 4, 26),
(249, 37, 39, 1, 1),
(250, 37, 39, 1, 22),
(251, 37, 40, 4, 38),
(252, 37, 39, 1, 26),
(253, 37, 1, 1, 1),
(254, 37, 39, 1, 30),
(255, 37, 1, 1, 35),
(256, 37, 40, 4, 25),
(257, 37, 1, 1, 6),
(258, 37, 0, 7, 29),
(259, 37, 39, 1, 22),
(260, 37, 40, 4, 9),
(261, 37, 39, 1, 15),
(262, 37, 39, 1, 14),
(263, 37, 40, 4, 25),
(264, 37, 1, 1, 1),
(265, 37, 2, 2, 22),
(266, 37, 40, 4, 9),
(267, 37, 18, 5, 14),
(268, 37, 40, 4, 25),
(269, 37, 1, 1, 6),
(270, 37, 18, 5, 35),
(271, 37, 40, 4, 25),
(272, 37, 21, 3, 34),
(273, 37, 0, 7, 29),
(274, 37, 40, 4, 22),
(275, 37, 39, 1, 16),
(276, 37, 0, 7, 29),
(277, 37, 1, 1, 23),
(278, 37, 39, 1, 13),
(279, 37, 40, 4, 26),
(280, 37, 1, 1, 35),
(281, 37, 40, 4, 25),
(282, 37, 21, 3, 1),
(283, 37, 25, 2, 21),
(284, 37, 25, 2, 30),
(285, 37, 2, 2, 10),
(286, 37, 1, 1, 36),
(287, 37, 40, 4, 26),
(288, 37, 39, 1, 34),
(290, 37, 39, 1, 10),
(291, 37, 21, 3, 35),
(292, 37, 40, 4, 25),
(293, 37, 1, 1, 1),
(294, 37, 25, 2, 22),
(295, 37, 2, 2, 10),
(296, 37, 1, 1, 35),
(297, 37, 40, 4, 25),
(298, 37, 39, 1, 1),
(299, 37, 25, 2, 22),
(300, 37, 2, 2, 9),
(301, 37, 39, 1, 13),
(302, 37, 40, 4, 25),
(303, 37, 2, 2, 34),
(304, 37, 0, 7, 29),
(305, 37, 21, 3, 22),
(306, 37, 21, 3, 16),
(307, 37, 18, 5, 14),
(308, 37, 40, 4, 25),
(309, 37, 39, 1, 1),
(310, 37, 39, 1, 23),
(311, 37, 39, 1, 13),
(312, 37, 40, 4, 25),
(313, 37, 2, 2, 6),
(314, 37, 18, 5, 35),
(315, 37, 40, 4, 25),
(316, 37, 1, 1, 1),
(317, 37, 2, 2, 21),
(318, 37, 2, 2, 22),
(319, 37, 39, 1, 35),
(320, 37, 40, 4, 25),
(321, 37, 1, 1, 34),
(322, 37, 21, 3, 17),
(323, 37, 40, 4, 25),
(324, 37, 1, 1, 1),
(325, 37, 2, 2, 23),
(326, 37, 18, 5, 15),
(327, 37, 21, 3, 13),
(328, 37, 40, 4, 6),
(329, 37, 1, 1, 31),
(330, 37, 40, 4, 25),
(331, 37, 25, 2, 5),
(332, 37, 0, 7, 29),
(333, 28, 30, 3, 13),
(334, 28, 26, 4, 25),
(335, 28, 28, 1, 1),
(336, 28, 26, 4, 21),
(337, 28, 26, 4, 30),
(338, 28, 29, 2, 7),
(339, 28, 26, 4, 22),
(340, 28, 29, 2, 33),
(341, 28, 26, 4, 38),
(342, 28, 32, 1, 26),
(343, 28, 34, 5, 16),
(344, 28, 34, 5, 13),
(345, 28, 26, 4, 25),
(346, 28, 29, 2, 34),
(347, 28, 30, 3, 33),
(348, 28, 29, 2, 33),
(349, 28, 32, 1, 36),
(350, 28, 26, 4, 25),
(351, 28, 30, 3, 1),
(352, 28, 28, 1, 22),
(353, 28, 29, 2, 33),
(354, 28, 28, 1, 39),
(355, 28, 34, 5, 13),
(356, 28, 26, 4, 26),
(357, 28, 30, 3, 2),
(358, 28, 29, 2, 30),
(359, 28, 0, 7, 29),
(360, 28, 29, 2, 22),
(361, 28, 32, 1, 33),
(362, 28, 36, 2, 33),
(363, 28, 26, 4, 36),
(364, 28, 28, 1, 26),
(365, 28, 32, 1, 34),
(366, 28, 30, 3, 9),
(367, 28, 30, 3, 14),
(372, 28, 26, 4, 26),
(373, 28, 28, 1, 40),
(374, 28, 34, 5, 14),
(375, 28, 26, 4, 37),
(376, 28, 34, 5, 25),
(377, 28, 30, 3, 1),
(378, 28, 30, 3, 23),
(379, 28, 28, 1, 13),
(380, 28, 26, 4, 25),
(381, 28, 36, 2, 5),
(382, 28, 28, 1, 13),
(383, 28, 26, 4, 25),
(384, 28, 32, 1, 1),
(385, 28, 32, 1, 22),
(386, 28, 26, 4, 11),
(387, 28, 36, 2, 10),
(388, 28, 32, 1, 16),
(389, 28, 34, 5, 14),
(390, 28, 30, 3, 25),
(391, 28, 28, 1, 1),
(392, 28, 36, 2, 23),
(393, 28, 34, 5, 14),
(394, 28, 26, 4, 27),
(395, 28, 34, 5, 13),
(396, 28, 26, 4, 25),
(397, 28, 29, 2, 6),
(398, 28, 29, 2, 33),
(399, 28, 0, 7, 29),
(400, 28, 26, 4, 30),
(401, 28, 29, 2, 33),
(402, 28, 30, 3, 33),
(403, 28, 34, 5, 35),
(404, 28, 26, 4, 25),
(405, 28, 28, 1, 34),
(406, 28, 30, 3, 19),
(407, 28, 34, 5, 15),
(408, 28, 28, 1, 13),
(409, 28, 26, 4, 25),
(410, 28, 30, 3, 1),
(411, 28, 28, 1, 30),
(412, 28, 34, 5, 31),
(413, 28, 26, 4, 26),
(414, 28, 30, 3, 34),
(415, 28, 30, 3, 11),
(416, 28, 29, 2, 7),
(417, 28, 28, 1, 21),
(418, 28, 28, 1, 23),
(419, 28, 28, 1, 14),
(420, 28, 26, 4, 25),
(421, 28, 29, 2, 5),
(422, 28, 0, 7, 29),
(423, 28, 29, 2, 23),
(424, 28, 0, 7, 29),
(425, 28, 30, 3, 22),
(426, 28, 32, 1, 33),
(427, 28, 36, 2, 33),
(428, 28, 30, 3, 35),
(429, 28, 26, 4, 25),
(430, 28, 36, 2, 34),
(431, 28, 26, 4, 11),
(432, 28, 36, 2, 10),
(433, 28, 34, 5, 16),
(434, 28, 34, 5, 14),
(435, 28, 26, 4, 25),
(436, 28, 32, 1, 34),
(437, 28, 26, 4, 33),
(438, 28, 36, 2, 33),
(439, 28, 34, 5, 35),
(440, 28, 26, 4, 25),
(442, 28, 28, 1, 2),
(443, 28, 32, 1, 22),
(444, 28, 26, 4, 11),
(445, 28, 36, 2, 10),
(446, 28, 28, 1, 37),
(447, 28, 26, 4, 25),
(448, 28, 30, 3, 1),
(449, 28, 32, 1, 30),
(450, 28, 28, 1, 9),
(451, 28, 34, 5, 14),
(452, 28, 26, 4, 25),
(453, 28, 28, 1, 6),
(454, 28, 26, 4, 11),
(455, 28, 36, 2, 7),
(456, 28, 36, 2, 22),
(457, 28, 0, 7, 29),
(458, 28, 36, 2, 23),
(459, 28, 34, 5, 13),
(460, 28, 26, 4, 25),
(461, 28, 28, 1, 1),
(462, 28, 26, 4, 21),
(463, 28, 26, 4, 22),
(464, 28, 0, 7, 29),
(465, 28, 26, 4, 22),
(466, 28, 29, 2, 33),
(467, 28, 28, 1, 33),
(468, 28, 34, 5, 37),
(469, 28, 26, 4, 25),
(470, 28, 30, 3, 34),
(471, 28, 28, 1, 33),
(472, 28, 29, 2, 33),
(473, 28, 26, 4, 16),
(474, 28, 30, 3, 13),
(475, 28, 26, 4, 25),
(476, 28, 28, 1, 6),
(477, 28, 33, 1, 31),
(478, 28, 26, 4, 25),
(479, 28, 29, 2, 6),
(480, 28, 28, 1, 33),
(481, 28, 34, 5, 37),
(482, 28, 26, 4, 25),
(483, 28, 28, 1, 6),
(484, 28, 28, 1, 9),
(485, 28, 34, 5, 14),
(488, 28, 28, 1, 26),
(489, 28, 29, 2, 34),
(490, 28, 30, 3, 7),
(491, 28, 28, 1, 23),
(492, 28, 34, 5, 14),
(493, 28, 30, 3, 26),
(494, 28, 34, 6, 34),
(495, 28, 29, 2, 33),
(496, 28, 32, 1, 38),
(497, 28, 26, 4, 25),
(498, 28, 30, 3, 1),
(499, 28, 29, 2, 21),
(500, 38, 1, 1, 35),
(501, 38, 1, 1, 37),
(502, 38, 1, 1, 31),
(503, 38, 1, 1, 17),
(504, 38, 1, 1, 13),
(505, 38, 1, 1, 10),
(506, 38, 1, 1, 11),
(507, 38, 1, 1, 25),
(508, 38, 1, 1, 6),
(509, 38, 1, 1, 22),
(510, 38, 1, 1, 36),
(511, 38, 1, 1, 38),
(512, 38, 1, 1, 32),
(513, 38, 1, 1, 18),
(514, 38, 1, 1, 14),
(515, 38, 1, 1, 33),
(516, 38, 1, 1, 26),
(517, 38, 1, 1, 34),
(518, 38, 1, 1, 30),
(519, 38, 1, 1, 1),
(520, 38, 1, 1, 2),
(521, 38, 1, 1, 3),
(522, 38, 1, 1, 7),
(523, 38, 1, 1, 8),
(524, 38, 1, 1, 8),
(525, 38, 1, 1, 12),
(526, 38, 1, 1, 21),
(527, 38, 1, 1, 16),
(528, 38, 1, 1, 39),
(529, 38, 1, 1, 40),
(530, 38, 1, 1, 19),
(531, 38, 1, 1, 20),
(532, 38, 1, 1, 15),
(533, 38, 1, 1, 9),
(534, 38, 1, 1, 5),
(535, 38, 1, 1, 27),
(536, 38, 1, 1, 23),
(537, 38, 1, 1, 28),
(538, 38, 0, 7, 29),
(539, 39, 12, 4, 23),
(540, 39, 21, 1, 14),
(541, 39, 12, 4, 26),
(542, 39, 24, 3, 6),
(543, 39, 14, 2, 7),
(544, 39, 24, 1, 30),
(545, 39, 21, 1, 9),
(546, 39, 24, 1, 13),
(547, 39, 12, 4, 25),
(548, 39, 21, 3, 6),
(549, 39, 0, 7, 29),
(550, 39, 14, 2, 30),
(551, 39, 24, 1, 31),
(552, 39, 12, 4, 25),
(554, 39, 15, 1, 1),
(555, 39, 14, 2, 30),
(556, 39, 24, 1, 40),
(557, 39, 24, 1, 13),
(558, 39, 12, 4, 25),
(559, 39, 15, 1, 1),
(560, 39, 21, 3, 21),
(561, 39, 21, 3, 21),
(562, 39, 21, 3, 22),
(564, 39, 21, 3, 35),
(565, 39, 12, 4, 26),
(566, 39, 15, 1, 2),
(567, 39, 21, 3, 23),
(568, 39, 21, 3, 13),
(569, 39, 12, 4, 26),
(570, 39, 15, 1, 1),
(571, 39, 15, 1, 22),
(572, 39, 23, 5, 35),
(573, 39, 12, 4, 25),
(574, 39, 24, 1, 34),
(575, 39, 24, 1, 10),
(576, 39, 12, 4, 35),
(577, 39, 15, 1, 25),
(578, 39, 24, 1, 34),
(579, 39, 23, 5, 38),
(580, 39, 15, 1, 36),
(581, 39, 12, 4, 25),
(582, 39, 21, 6, 34),
(583, 39, 15, 1, 16),
(584, 39, 23, 5, 13),
(585, 39, 12, 4, 26),
(587, 39, 25, 2, 1),
(588, 39, 25, 2, 30),
(589, 39, 24, 1, 1),
(590, 39, 25, 2, 30),
(591, 39, 14, 2, 33),
(592, 39, 24, 1, 16),
(593, 39, 15, 1, 13),
(594, 39, 12, 4, 25),
(595, 39, 24, 1, 34),
(596, 39, 12, 4, 19),
(597, 39, 21, 3, 13),
(598, 39, 12, 4, 25),
(599, 39, 15, 6, 5),
(600, 39, 21, 3, 13),
(601, 39, 12, 4, 25),
(602, 39, 24, 1, 6),
(603, 39, 24, 1, 31),
(604, 39, 12, 4, 25),
(605, 39, 14, 2, 5),
(606, 39, 14, 2, 14),
(607, 39, 0, 7, 29),
(608, 39, 12, 4, 22),
(609, 39, 23, 5, 16),
(610, 39, 15, 1, 14),
(611, 39, 12, 4, 25),
(612, 39, 14, 2, 1),
(613, 39, 24, 1, 22),
(614, 39, 21, 3, 34),
(615, 39, 0, 7, 29),
(616, 39, 24, 1, 22),
(618, 39, 24, 1, 16),
(619, 39, 0, 7, 29),
(620, 39, 14, 2, 22),
(621, 39, 15, 1, 11),
(622, 39, 15, 1, 31),
(623, 39, 12, 4, 25),
(624, 39, 21, 3, 6),
(625, 39, 21, 3, 31),
(626, 39, 12, 4, 25),
(627, 39, 15, 1, 1),
(628, 39, 14, 2, 30),
(629, 39, 14, 2, 36),
(630, 39, 12, 4, 25),
(631, 39, 15, 1, 34),
(632, 39, 12, 4, 19),
(633, 39, 24, 1, 14),
(634, 39, 12, 4, 25),
(635, 39, 21, 3, 34),
(636, 39, 25, 2, 10),
(637, 39, 24, 1, 36),
(638, 39, 12, 4, 26),
(639, 39, 23, 5, 35),
(640, 39, 12, 4, 26),
(641, 39, 15, 1, 34),
(642, 39, 21, 3, 31),
(643, 39, 12, 4, 25),
(644, 39, 15, 1, 5),
(645, 39, 0, 7, 29),
(646, 39, 21, 3, 22),
(647, 39, 23, 5, 38),
(648, 39, 12, 4, 25),
(650, 39, 21, 6, 34),
(651, 39, 23, 5, 35),
(652, 39, 12, 4, 26),
(653, 39, 15, 1, 34),
(654, 39, 25, 2, 19),
(655, 39, 21, 3, 13),
(656, 39, 12, 4, 26),
(658, 39, 15, 1, 5),
(659, 39, 21, 3, 13),
(660, 39, 12, 4, 25),
(661, 39, 25, 2, 6),
(662, 39, 21, 3, 31),
(663, 39, 12, 4, 25),
(664, 39, 15, 1, 6),
(665, 39, 24, 1, 32),
(666, 39, 12, 4, 25),
(667, 39, 15, 1, 1),
(668, 39, 15, 1, 21),
(669, 39, 15, 1, 22),
(670, 39, 23, 5, 36),
(671, 39, 12, 4, 26),
(672, 39, 15, 1, 16),
(673, 39, 21, 3, 14),
(674, 39, 15, 1, 14),
(675, 39, 12, 4, 25),
(676, 39, 15, 6, 6),
(677, 39, 24, 1, 31),
(678, 39, 12, 4, 25),
(679, 39, 25, 2, 1),
(680, 39, 25, 2, 30),
(681, 39, 21, 3, 36),
(682, 39, 12, 4, 26),
(683, 39, 21, 3, 31),
(684, 39, 12, 4, 25),
(685, 39, 14, 2, 1),
(686, 39, 25, 2, 22),
(688, 39, 24, 1, 33),
(689, 39, 25, 2, 16),
(690, 39, 15, 1, 15),
(691, 39, 21, 3, 14),
(692, 39, 12, 4, 25),
(693, 39, 24, 1, 1),
(694, 39, 12, 4, 23),
(695, 39, 15, 1, 14),
(696, 39, 12, 4, 25),
(697, 39, 21, 3, 6),
(698, 39, 24, 1, 6),
(699, 39, 15, 1, 32),
(700, 39, 12, 4, 25),
(701, 39, 14, 2, 6),
(702, 39, 15, 1, 32),
(703, 39, 12, 4, 25),
(704, 39, 14, 2, 1),
(705, 39, 24, 1, 30),
(706, 39, 23, 5, 31),
(707, 39, 12, 4, 26),
(708, 39, 21, 3, 5),
(709, 39, 23, 5, 14),
(710, 39, 24, 1, 25),
(711, 39, 15, 1, 34),
(712, 39, 12, 4, 17),
(713, 39, 14, 2, 25),
(714, 39, 21, 3, 34),
(715, 39, 23, 5, 17),
(716, 39, 12, 4, 25),
(717, 39, 15, 1, 34),
(718, 39, 21, 3, 37),
(719, 39, 12, 4, 26),
(720, 39, 14, 2, 6),
(721, 39, 14, 2, 32),
(722, 39, 23, 5, 16),
(723, 39, 15, 1, 13),
(724, 39, 12, 4, 25),
(725, 39, 14, 2, 1),
(726, 39, 14, 2, 22),
(727, 39, 0, 7, 29),
(728, 39, 14, 2, 22),
(729, 39, 21, 3, 10),
(730, 39, 24, 1, 35),
(731, 39, 12, 4, 26),
(732, 39, 15, 1, 34),
(733, 39, 25, 2, 33),
(734, 39, 21, 3, 16),
(735, 39, 15, 1, 14),
(736, 39, 12, 4, 16),
(737, 39, 24, 1, 14),
(738, 39, 12, 4, 25),
(739, 39, 21, 3, 6),
(740, 39, 24, 1, 31),
(741, 39, 12, 4, 25),
(742, 39, 15, 1, 1),
(743, 39, 21, 3, 22),
(744, 39, 25, 2, 33),
(745, 39, 24, 1, 36),
(746, 39, 23, 5, 25),
(747, 39, 21, 3, 34),
(748, 39, 24, 1, 36),
(749, 39, 25, 2, 33),
(750, 39, 24, 1, 35),
(751, 39, 12, 4, 25),
(752, 39, 25, 2, 5),
(753, 39, 23, 5, 13),
(754, 39, 12, 4, 26),
(755, 39, 15, 1, 1),
(756, 39, 15, 1, 22),
(757, 39, 23, 5, 35),
(758, 39, 12, 4, 26),
(759, 39, 24, 1, 5),
(760, 39, 15, 1, 13),
(761, 39, 12, 4, 26),
(762, 39, 24, 1, 34),
(763, 39, 15, 1, 35),
(764, 39, 12, 4, 25),
(765, 39, 25, 2, 5),
(766, 39, 0, 7, 29),
(767, 39, 25, 2, 22),
(768, 39, 25, 2, 16),
(769, 39, 15, 1, 13),
(770, 39, 12, 4, 25),
(771, 39, 24, 1, 34),
(772, 39, 12, 4, 19),
(773, 40, 24, 1, 13),
(774, 40, 17, 1, 25),
(775, 40, 14, 1, 1),
(776, 40, 17, 1, 22),
(777, 40, 0, 7, 29),
(778, 40, 17, 1, 30),
(780, 40, 18, 5, 16),
(781, 40, 11, 1, 13),
(782, 40, 17, 4, 25),
(783, 40, 1, 3, 1),
(784, 40, 1, 1, 21),
(786, 40, 1, 1, 21),
(787, 40, 1, 1, 22),
(788, 40, 0, 7, 29),
(789, 40, 1, 1, 22),
(790, 40, 18, 5, 36),
(791, 40, 15, 3, 25),
(793, 40, 1, 6, 6),
(794, 40, 15, 3, 9),
(795, 40, 11, 1, 14),
(796, 40, 17, 4, 25),
(797, 40, 24, 1, 5),
(798, 40, 24, 1, 15),
(799, 40, 0, 7, 29),
(800, 40, 14, 1, 23),
(801, 40, 11, 1, 14),
(802, 40, 15, 3, 25),
(803, 40, 24, 1, 34),
(804, 40, 24, 1, 17),
(805, 40, 17, 4, 25),
(806, 40, 15, 3, 6),
(807, 40, 2, 1, 31),
(808, 40, 17, 4, 25),
(809, 40, 24, 1, 34),
(810, 40, 11, 1, 16),
(811, 40, 1, 1, 14),
(812, 40, 17, 4, 25),
(813, 40, 24, 1, 34),
(814, 40, 15, 3, 10),
(815, 40, 0, 7, 29),
(816, 40, 15, 3, 22),
(817, 40, 2, 2, 33),
(818, 40, 1, 1, 16),
(819, 40, 0, 7, 29),
(820, 40, 24, 1, 22),
(821, 40, 1, 1, 10),
(822, 40, 15, 3, 32),
(823, 40, 17, 4, 25),
(824, 40, 1, 1, 1),
(825, 40, 24, 1, 30),
(826, 40, 0, 7, 29),
(827, 40, 24, 1, 30),
(828, 40, 1, 1, 7),
(829, 40, 24, 1, 22),
(830, 40, 15, 3, 38),
(831, 40, 17, 4, 25),
(832, 40, 1, 1, 34),
(833, 40, 2, 2, 18),
(834, 40, 18, 5, 25),
(835, 40, 1, 1, 2),
(836, 40, 24, 1, 30),
(837, 40, 2, 2, 33),
(840, 40, 0, 7, 29),
(841, 40, 24, 1, 22),
(842, 40, 18, 5, 16),
(843, 40, 24, 1, 13),
(844, 40, 17, 4, 25),
(845, 40, 1, 1, 34),
(846, 40, 11, 1, 19),
(847, 40, 0, 7, 29),
(848, 40, 2, 2, 30),
(849, 40, 14, 1, 9),
(850, 40, 24, 1, 14),
(851, 40, 17, 4, 25),
(852, 40, 1, 1, 1),
(853, 40, 17, 4, 22),
(854, 40, 17, 4, 36),
(855, 40, 18, 5, 25),
(856, 40, 1, 1, 5),
(857, 40, 24, 1, 13),
(859, 40, 17, 4, 27),
(860, 40, 15, 3, 13),
(861, 40, 17, 4, 25),
(862, 40, 15, 3, 34),
(863, 40, 17, 4, 19),
(864, 40, 24, 1, 13),
(865, 40, 17, 4, 25),
(866, 40, 14, 1, 1),
(867, 40, 1, 1, 22),
(868, 40, 0, 7, 29),
(869, 40, 1, 1, 30),
(870, 40, 14, 1, 6),
(871, 40, 1, 1, 32),
(872, 40, 18, 5, 16),
(873, 40, 11, 1, 14),
(874, 40, 17, 4, 25),
(875, 40, 24, 1, 1),
(876, 40, 14, 1, 22),
(877, 40, 21, 1, 16),
(878, 40, 11, 1, 14),
(879, 40, 15, 3, 25),
(880, 40, 1, 6, 1),
(881, 40, 15, 3, 30),
(882, 40, 2, 2, 1),
(883, 40, 15, 3, 22),
(884, 40, 24, 1, 9),
(885, 40, 11, 5, 14),
(886, 40, 17, 4, 25),
(887, 40, 24, 1, 1),
(888, 40, 24, 1, 30),
(889, 40, 18, 5, 36),
(890, 40, 17, 4, 26),
(891, 40, 1, 1, 34),
(892, 40, 2, 2, 18),
(893, 40, 15, 3, 26),
(894, 40, 1, 1, 34),
(895, 40, 2, 2, 19),
(896, 40, 11, 5, 14),
(897, 40, 24, 1, 26),
(900, 40, 15, 6, 6),
(901, 40, 1, 1, 1),
(902, 40, 2, 2, 22),
(903, 40, 15, 3, 16),
(904, 40, 24, 1, 14),
(905, 40, 17, 4, 6),
(906, 40, 17, 4, 10),
(907, 40, 0, 7, 29),
(908, 40, 17, 4, 30),
(909, 40, 18, 5, 36),
(910, 40, 24, 1, 36),
(911, 40, 17, 4, 26),
(912, 40, 17, 4, 25),
(913, 40, 1, 1, 34),
(914, 40, 24, 1, 36),
(915, 40, 17, 4, 25),
(916, 40, 1, 1, 5),
(917, 40, 24, 1, 13),
(918, 40, 17, 4, 25),
(920, 40, 15, 1, 34),
(921, 40, 14, 1, 9),
(922, 40, 24, 1, 13),
(923, 40, 17, 4, 26),
(924, 40, 15, 1, 2),
(925, 41, 40, 4, 22),
(926, 41, 1, 1, 35),
(927, 41, 40, 4, 25),
(928, 41, 1, 1, 6),
(929, 41, 18, 5, 35),
(930, 41, 40, 4, 25),
(931, 41, 1, 1, 1),
(932, 41, 40, 4, 22),
(933, 41, 39, 1, 16),
(934, 41, 39, 1, 15),
(935, 41, 39, 1, 14),
(936, 41, 25, 2, 1),
(937, 41, 1, 1, 30),
(938, 41, 1, 1, 35),
(939, 41, 40, 4, 25),
(940, 41, 25, 2, 6),
(941, 41, 25, 2, 5),
(942, 41, 23, 5, 14),
(943, 41, 40, 4, 26),
(944, 41, 39, 1, 34),
(945, 41, 0, 7, 29),
(946, 41, 25, 2, 30),
(947, 41, 40, 4, 31),
(948, 41, 1, 1, 25),
(949, 41, 21, 3, 5),
(950, 41, 1, 1, 13),
(951, 41, 40, 4, 25),
(952, 41, 2, 2, 1),
(953, 41, 21, 3, 22),
(954, 41, 18, 5, 36),
(955, 41, 21, 3, 35),
(956, 41, 40, 4, 25),
(957, 41, 39, 1, 34),
(958, 41, 18, 5, 17),
(959, 41, 40, 4, 26),
(960, 41, 2, 2, 18),
(961, 41, 1, 1, 27),
(962, 41, 1, 1, 14),
(963, 41, 40, 4, 25),
(965, 41, 21, 3, 6),
(966, 41, 0, 7, 29),
(967, 41, 39, 1, 30),
(968, 41, 0, 7, 29),
(969, 41, 39, 1, 30),
(970, 41, 18, 5, 37),
(971, 41, 40, 4, 25),
(972, 41, 1, 1, 1),
(973, 41, 39, 1, 22),
(974, 41, 0, 7, 29),
(975, 41, 39, 1, 22),
(977, 41, 18, 5, 35),
(978, 41, 40, 4, 25),
(979, 41, 2, 2, 1),
(980, 41, 39, 1, 22),
(981, 41, 1, 1, 10),
(982, 41, 40, 4, 36),
(983, 41, 18, 5, 25),
(985, 41, 39, 6, 5),
(986, 41, 39, 1, 14),
(987, 41, 40, 4, 27),
(988, 41, 1, 1, 14),
(989, 41, 39, 1, 26),
(990, 41, 1, 1, 34),
(992, 41, 40, 4, 9),
(994, 41, 1, 1, 13),
(995, 41, 40, 4, 25),
(996, 41, 2, 2, 1),
(997, 41, 2, 2, 30),
(998, 41, 2, 2, 36),
(999, 41, 25, 2, 26),
(1000, 41, 1, 1, 1),
(1001, 41, 2, 2, 30),
(1002, 41, 21, 3, 36),
(1003, 41, 40, 4, 26),
(1004, 41, 1, 1, 6),
(1005, 41, 1, 1, 31),
(1006, 41, 40, 4, 3),
(1007, 41, 2, 2, 23),
(1008, 41, 23, 5, 15),
(1009, 41, 0, 7, 29),
(1010, 41, 40, 4, 22),
(1011, 41, 25, 2, 7),
(1012, 41, 40, 4, 22),
(1013, 41, 25, 2, 10),
(1014, 41, 39, 1, 32),
(1015, 41, 40, 4, 25),
(1016, 41, 1, 1, 5),
(1017, 41, 21, 3, 14),
(1018, 41, 40, 4, 26),
(1019, 41, 21, 1, 5),
(1020, 41, 23, 5, 15),
(1021, 41, 23, 5, 13),
(1022, 41, 40, 4, 26),
(1023, 41, 25, 2, 2),
(1024, 41, 1, 1, 22),
(1025, 41, 21, 3, 10),
(1026, 41, 1, 1, 31),
(1027, 41, 40, 4, 25),
(1028, 41, 39, 1, 1),
(1029, 41, 1, 1, 22),
(1030, 41, 40, 4, 36),
(1031, 41, 21, 3, 10),
(1032, 41, 39, 1, 31),
(1033, 41, 40, 4, 25),
(1034, 41, 25, 2, 6),
(1035, 41, 40, 4, 31),
(1036, 41, 1, 1, 25),
(1037, 41, 39, 1, 1),
(1038, 41, 1, 1, 21),
(1039, 41, 1, 1, 22),
(1040, 41, 25, 2, 9),
(1041, 41, 39, 1, 13),
(1042, 41, 40, 4, 26),
(1043, 41, 25, 2, 2),
(1044, 41, 25, 2, 22),
(1045, 41, 25, 2, 16),
(1046, 41, 1, 1, 14),
(1047, 41, 40, 4, 26),
(1048, 41, 39, 1, 34),
(1049, 41, 0, 7, 29),
(1050, 41, 21, 3, 23),
(1051, 41, 1, 1, 13),
(1052, 41, 40, 4, 26),
(1053, 41, 39, 1, 1),
(1054, 41, 39, 1, 30),
(1055, 41, 2, 2, 9),
(1056, 41, 1, 1, 14),
(1057, 41, 40, 4, 25),
(1058, 41, 1, 1, 1),
(1059, 41, 2, 2, 30),
(1060, 41, 1, 1, 1),
(1061, 41, 2, 2, 22),
(1062, 41, 0, 7, 29),
(1063, 42, 14, 1, 14),
(1064, 42, 12, 4, 26),
(1065, 42, 14, 1, 5),
(1066, 42, 24, 1, 13),
(1067, 42, 12, 4, 25),
(1068, 42, 1, 1, 1),
(1069, 42, 12, 4, 22),
(1070, 42, 1, 1, 10),
(1071, 42, 1, 1, 38),
(1072, 42, 0, 7, 29),
(1074, 42, 12, 4, 30),
(1075, 42, 1, 1, 1),
(1076, 42, 12, 4, 22),
(1077, 42, 40, 3, 7),
(1078, 42, 12, 4, 22),
(1080, 42, 11, 5, 36),
(1081, 42, 24, 1, 25),
(1082, 42, 1, 1, 34),
(1083, 42, 1, 1, 37),
(1084, 42, 12, 4, 25),
(1085, 42, 24, 6, 34),
(1087, 42, 14, 1, 10),
(1088, 42, 12, 4, 36),
(1089, 42, 12, 4, 31),
(1090, 42, 40, 3, 25),
(1091, 42, 1, 1, 1),
(1092, 42, 12, 4, 22),
(1093, 42, 12, 4, 38),
(1094, 42, 0, 7, 29),
(1095, 42, 12, 4, 21),
(1096, 42, 12, 4, 22),
(1097, 42, 0, 7, 29),
(1098, 42, 12, 4, 30),
(1099, 42, 0, 7, 29),
(1100, 42, 12, 4, 22),
(1101, 42, 40, 3, 9),
(1102, 42, 40, 1, 15),
(1103, 42, 0, 7, 29),
(1104, 42, 1, 1, 22),
(1105, 42, 11, 5, 36),
(1106, 42, 11, 5, 35),
(1107, 42, 12, 4, 25),
(1108, 42, 24, 1, 34),
(1109, 42, 0, 7, 29),
(1110, 42, 1, 1, 30),
(1111, 42, 12, 4, 16),
(1112, 42, 24, 1, 13),
(1113, 42, 12, 4, 25),
(1114, 42, 24, 1, 5),
(1115, 42, 23, 5, 13),
(1116, 42, 12, 4, 25),
(1117, 42, 24, 1, 1),
(1118, 42, 14, 1, 22),
(1120, 42, 40, 3, 7),
(1121, 42, 14, 2, 22),
(1122, 42, 0, 7, 29),
(1123, 42, 14, 2, 22),
(1124, 42, 40, 3, 9),
(1125, 42, 0, 7, 29),
(1126, 42, 17, 4, 30),
(1127, 42, 24, 1, 31),
(1128, 42, 17, 4, 26),
(1129, 42, 21, 3, 1),
(1130, 42, 17, 4, 22),
(1131, 42, 2, 2, 7),
(1132, 42, 17, 4, 22),
(1133, 42, 21, 3, 10),
(1134, 42, 24, 1, 39),
(1135, 42, 23, 5, 13),
(1136, 42, 17, 4, 25),
(1137, 42, 24, 3, 5),
(1138, 42, 23, 5, 14),
(1139, 42, 23, 5, 35),
(1140, 42, 17, 4, 25),
(1141, 42, 21, 3, 34),
(1142, 42, 2, 2, 19),
(1143, 42, 23, 5, 13),
(1144, 42, 17, 4, 25),
(1145, 42, 24, 3, 1),
(1146, 42, 24, 1, 30),
(1147, 42, 11, 5, 31),
(1148, 42, 12, 4, 25),
(1149, 42, 2, 2, 5),
(1150, 42, 23, 5, 14),
(1151, 42, 17, 4, 25),
(1152, 42, 1, 1, 34),
(1153, 42, 2, 2, 17),
(1154, 42, 17, 4, 25),
(1156, 42, 21, 3, 34),
(1157, 42, 23, 5, 18),
(1158, 42, 2, 2, 25),
(1159, 42, 1, 1, 1),
(1160, 42, 2, 2, 30),
(1161, 42, 2, 2, 16),
(1162, 42, 24, 1, 13),
(1163, 42, 17, 4, 25),
(1165, 42, 14, 2, 1),
(1166, 42, 21, 3, 22),
(1167, 42, 11, 5, 31),
(1168, 42, 17, 4, 25),
(1169, 42, 14, 2, 34),
(1170, 42, 14, 2, 10),
(1171, 42, 21, 3, 31),
(1172, 42, 17, 4, 25),
(1173, 42, 1, 1, 5),
(1174, 42, 23, 5, 14),
(1175, 42, 17, 4, 25),
(1176, 42, 14, 2, 34),
(1177, 42, 21, 3, 31),
(1178, 42, 12, 4, 25),
(1179, 42, 1, 1, 1),
(1180, 42, 1, 1, 22),
(1181, 42, 11, 5, 31),
(1182, 42, 17, 4, 25),
(1183, 42, 1, 6, 1),
(1184, 42, 1, 1, 21),
(1185, 42, 1, 1, 23),
(1186, 42, 1, 1, 13),
(1187, 42, 17, 4, 25),
(1188, 42, 14, 2, 1),
(1189, 42, 14, 2, 22),
(1190, 42, 12, 4, 10),
(1191, 42, 1, 1, 35),
(1192, 42, 17, 4, 25),
(1193, 42, 24, 1, 5),
(1194, 42, 1, 1, 14),
(1195, 42, 17, 4, 26),
(1196, 42, 24, 1, 6),
(1197, 42, 0, 7, 29),
(1198, 42, 17, 4, 30),
(1199, 42, 11, 5, 31),
(1200, 42, 17, 4, 25),
(1201, 42, 21, 3, 34),
(1202, 42, 24, 1, 10),
(1203, 42, 1, 1, 36),
(1204, 42, 17, 4, 27),
(1205, 42, 23, 5, 14),
(1206, 42, 17, 4, 26),
(1207, 42, 2, 2, 31),
(1210, 42, 17, 4, 27),
(1211, 42, 23, 5, 14),
(1212, 42, 17, 4, 25),
(1213, 42, 24, 3, 34),
(1214, 42, 21, 1, 9),
(1215, 42, 24, 3, 13),
(1216, 42, 17, 4, 26),
(1217, 42, 24, 3, 34),
(1218, 42, 23, 5, 16),
(1219, 42, 24, 1, 13),
(1220, 42, 17, 4, 25),
(1221, 42, 24, 1, 6),
(1222, 42, 24, 1, 31),
(1223, 42, 17, 4, 25),
(1224, 42, 1, 6, 1),
(1225, 42, 24, 1, 30),
(1226, 42, 17, 4, 32),
(1227, 42, 2, 2, 25),
(1228, 42, 1, 1, 1),
(1229, 43, 40, 4, 22),
(1232, 43, 0, 7, 29),
(1233, 43, 40, 4, 22),
(1234, 43, 40, 4, 26),
(1235, 43, 14, 2, 5),
(1237, 43, 18, 5, 14),
(1238, 43, 40, 4, 25),
(1239, 43, 21, 1, 6),
(1240, 43, 18, 5, 16),
(1241, 43, 15, 1, 14),
(1242, 43, 40, 4, 25),
(1243, 43, 21, 1, 1),
(1244, 43, 39, 1, 22),
(1245, 43, 11, 5, 16),
(1246, 43, 0, 7, 29),
(1247, 43, 14, 2, 22),
(1248, 43, 25, 2, 7),
(1249, 43, 14, 2, 22),
(1250, 43, 0, 7, 29),
(1251, 43, 14, 2, 30),
(1252, 43, 15, 1, 36),
(1253, 43, 0, 7, 29),
(1254, 43, 14, 2, 22),
(1255, 43, 0, 7, 29),
(1256, 43, 14, 2, 22),
(1257, 43, 0, 7, 29),
(1258, 43, 14, 2, 22),
(1259, 43, 21, 3, 9),
(1260, 43, 39, 1, 13),
(1261, 43, 40, 4, 25),
(1262, 43, 21, 3, 6),
(1263, 43, 15, 1, 36),
(1264, 43, 18, 5, 25),
(1265, 43, 15, 1, 6),
(1266, 43, 39, 1, 36),
(1267, 43, 18, 5, 25),
(1268, 43, 15, 1, 1),
(1269, 43, 21, 3, 22),
(1270, 43, 39, 1, 36),
(1271, 43, 40, 4, 25),
(1272, 43, 15, 1, 1),
(1273, 43, 21, 3, 22),
(1274, 43, 11, 5, 16),
(1275, 43, 18, 5, 14),
(1276, 43, 40, 4, 25),
(1277, 43, 15, 1, 34),
(1278, 43, 25, 2, 10),
(1279, 43, 21, 3, 16),
(1280, 43, 21, 3, 13),
(1281, 43, 40, 4, 25),
(1282, 43, 25, 2, 6),
(1283, 43, 40, 4, 35),
(1284, 43, 18, 5, 25),
(1285, 43, 21, 6, 34),
(1286, 43, 18, 5, 36),
(1287, 43, 21, 3, 37),
(1288, 43, 40, 4, 25),
(1289, 43, 15, 1, 34),
(1290, 43, 39, 1, 19),
(1291, 43, 21, 3, 14),
(1292, 43, 40, 4, 25),
(1293, 43, 15, 1, 1),
(1294, 43, 15, 1, 30),
(1295, 43, 11, 5, 31),
(1296, 43, 40, 4, 25),
(1297, 43, 25, 2, 34),
(1298, 43, 39, 1, 19),
(1299, 43, 0, 7, 29),
(1300, 43, 25, 2, 30),
(1302, 43, 15, 1, 37),
(1303, 43, 40, 4, 25),
(1304, 43, 39, 1, 6),
(1305, 43, 40, 4, 31),
(1306, 43, 25, 2, 26),
(1307, 43, 14, 2, 9),
(1308, 43, 0, 7, 29),
(1309, 43, 40, 4, 22),
(1310, 43, 15, 1, 35),
(1311, 43, 40, 4, 25),
(1312, 43, 21, 3, 1),
(1313, 43, 40, 4, 22),
(1314, 43, 40, 4, 36),
(1315, 43, 39, 1, 31),
(1316, 43, 40, 4, 25),
(1317, 43, 21, 3, 34),
(1318, 43, 40, 4, 16),
(1319, 43, 15, 1, 14),
(1320, 43, 18, 5, 16),
(1322, 43, 15, 1, 15),
(1323, 43, 18, 5, 15),
(1324, 43, 39, 1, 15),
(1325, 43, 39, 1, 14),
(1326, 43, 40, 4, 25),
(1327, 43, 21, 1, 1),
(1328, 43, 39, 1, 22),
(1329, 43, 15, 1, 35),
(1330, 43, 40, 4, 25),
(1331, 43, 21, 3, 1),
(1332, 43, 39, 1, 30),
(1334, 43, 0, 7, 29),
(1335, 43, 39, 1, 22),
(1336, 43, 14, 2, 9),
(1337, 43, 15, 1, 14),
(1338, 43, 40, 4, 25),
(1339, 43, 15, 1, 5),
(1340, 43, 18, 5, 15),
(1341, 43, 15, 1, 13),
(1342, 43, 40, 4, 26),
(1343, 43, 21, 3, 34),
(1344, 43, 18, 5, 19),
(1345, 43, 15, 1, 13),
(1346, 43, 40, 4, 25),
(1347, 43, 15, 1, 1),
(1348, 43, 14, 2, 22),
(1349, 43, 39, 1, 16),
(1350, 43, 15, 1, 13),
(1351, 43, 40, 4, 25),
(1352, 43, 25, 2, 1),
(1353, 43, 21, 3, 22),
(1357, 43, 40, 4, 33),
(1358, 43, 11, 5, 26),
(1359, 43, 15, 1, 34),
(1360, 43, 0, 7, 29),
(1361, 43, 21, 3, 22),
(1362, 43, 11, 5, 36),
(1363, 43, 40, 4, 25),
(1364, 43, 21, 6, 6),
(1365, 43, 21, 3, 35),
(1366, 43, 40, 4, 26),
(1367, 43, 25, 2, 10),
(1368, 43, 21, 3, 36),
(1369, 43, 40, 4, 25),
(1370, 43, 15, 1, 34),
(1371, 43, 21, 3, 31),
(1372, 43, 40, 4, 25),
(1373, 43, 25, 2, 34),
(1374, 43, 39, 1, 16),
(1375, 43, 15, 1, 13),
(1376, 43, 40, 4, 26),
(1377, 43, 25, 2, 34),
(1378, 43, 40, 4, 9),
(1379, 43, 39, 1, 14),
(1380, 43, 40, 4, 25),
(1381, 43, 15, 1, 6),
(1382, 43, 21, 3, 31),
(1383, 43, 40, 4, 26),
(1384, 43, 25, 2, 34),
(1385, 43, 0, 7, 29),
(1386, 43, 15, 1, 22),
(1387, 43, 21, 3, 16),
(1388, 43, 18, 5, 13),
(1389, 43, 40, 4, 26),
(1390, 43, 25, 2, 1),
(1391, 43, 25, 2, 30),
(1392, 43, 15, 1, 35),
(1393, 43, 40, 4, 3),
(1394, 43, 25, 2, 22),
(1395, 43, 0, 7, 29),
(1396, 43, 25, 2, 22),
(1397, 43, 40, 4, 10),
(1398, 43, 25, 2, 31),
(1399, 43, 40, 4, 25),
(1400, 43, 14, 2, 34),
(1401, 43, 21, 3, 38),
(1402, 43, 0, 7, 29),
(1403, 29, 31, 4, 22),
(1404, 29, 0, 7, 29),
(1405, 29, 31, 4, 21),
(1406, 29, 31, 4, 30),
(1407, 29, 35, 5, 31),
(1408, 29, 31, 4, 25),
(1409, 29, 36, 2, 1),
(1410, 29, 31, 4, 21),
(1411, 29, 31, 4, 30),
(1412, 29, 36, 2, 7),
(1413, 29, 31, 4, 30),
(1414, 29, 27, 1, 11),
(1415, 29, 36, 2, 10),
(1416, 29, 31, 4, 39),
(1417, 29, 38, 3, 14),
(1418, 29, 35, 5, 26),
(1419, 29, 37, 6, 5),
(1420, 29, 37, 1, 13),
(1421, 29, 31, 4, 25),
(1422, 29, 38, 1, 1),
(1423, 29, 27, 1, 22),
(1424, 29, 0, 7, 29),
(1425, 29, 27, 1, 22),
(1426, 29, 36, 2, 11),
(1427, 29, 37, 1, 11),
(1428, 29, 35, 5, 39),
(1429, 29, 27, 1, 14),
(1430, 29, 35, 5, 26),
(1431, 29, 36, 2, 31),
(1432, 29, 31, 4, 26),
(1433, 29, 38, 3, 5),
(1434, 29, 27, 1, 14),
(1435, 29, 31, 4, 26),
(1436, 29, 36, 2, 34),
(1437, 29, 36, 2, 11),
(1438, 29, 38, 3, 10),
(1439, 29, 35, 5, 35),
(1440, 29, 31, 4, 25),
(1441, 29, 37, 1, 5),
(1442, 29, 27, 1, 13),
(1443, 29, 31, 4, 25),
(1444, 29, 36, 2, 6),
(1445, 29, 37, 1, 37),
(1446, 29, 31, 4, 25),
(1447, 29, 38, 3, 6),
(1448, 29, 37, 1, 11),
(1449, 29, 36, 2, 10),
(1450, 29, 38, 3, 39),
(1451, 29, 0, 7, 29),
(1452, 29, 36, 2, 30),
(1453, 29, 37, 1, 31),
(1454, 29, 31, 4, 25),
(1455, 29, 37, 1, 34),
(1456, 29, 31, 4, 18),
(1457, 29, 38, 3, 25),
(1458, 29, 37, 1, 1),
(1459, 29, 36, 2, 30),
(1460, 29, 38, 3, 11),
(1461, 29, 29, 2, 10),
(1462, 29, 38, 3, 31),
(1463, 29, 31, 4, 25),
(1464, 29, 37, 1, 34),
(1465, 29, 0, 7, 29),
(1466, 29, 36, 2, 30),
(1467, 29, 36, 2, 37),
(1468, 29, 31, 4, 25),
(1469, 29, 38, 3, 1),
(1470, 29, 36, 2, 21),
(1471, 29, 36, 2, 30),
(1472, 29, 29, 2, 11),
(1473, 29, 38, 3, 10),
(1474, 29, 31, 4, 37),
(1475, 29, 27, 1, 25),
(1476, 29, 38, 3, 34),
(1477, 29, 36, 2, 19),
(1478, 29, 27, 1, 13),
(1479, 29, 31, 4, 25),
(1480, 29, 37, 1, 1),
(1481, 29, 26, 4, 22),
(1483, 29, 29, 2, 33),
(1484, 29, 37, 1, 33),
(1485, 29, 30, 3, 36),
(1486, 29, 0, 7, 29),
(1487, 29, 26, 4, 30),
(1488, 29, 30, 3, 31),
(1489, 29, 26, 4, 25),
(1490, 29, 30, 3, 34),
(1491, 29, 26, 4, 17),
(1492, 29, 35, 5, 26),
(1493, 29, 37, 1, 34),
(1494, 29, 0, 7, 29),
(1495, 29, 26, 4, 30),
(1496, 29, 29, 2, 10),
(1497, 29, 37, 1, 31),
(1498, 29, 26, 4, 25),
(1499, 29, 37, 1, 34),
(1500, 29, 26, 4, 17),
(1501, 29, 35, 5, 26),
(1502, 29, 30, 3, 5),
(1503, 29, 27, 1, 14),
(1504, 29, 37, 1, 38),
(1505, 29, 30, 3, 31),
(1506, 29, 26, 4, 25),
(1507, 29, 29, 2, 2),
(1509, 29, 37, 1, 30),
(1510, 29, 29, 2, 7),
(1511, 29, 37, 1, 23),
(1512, 29, 35, 5, 13),
(1513, 29, 26, 4, 25),
(1514, 29, 27, 1, 1),
(1515, 29, 29, 2, 22),
(1516, 29, 36, 2, 10),
(1517, 29, 37, 1, 31),
(1518, 29, 26, 4, 25),
(1519, 29, 30, 3, 1),
(1520, 29, 29, 2, 22),
(1521, 29, 26, 4, 39),
(1522, 29, 37, 1, 14),
(1523, 29, 26, 4, 25),
(1524, 29, 30, 3, 34),
(1525, 29, 36, 2, 33),
(1526, 29, 27, 1, 37),
(1527, 29, 26, 4, 25),
(1528, 29, 27, 1, 34),
(1529, 29, 36, 2, 33),
(1530, 29, 26, 4, 35),
(1531, 29, 37, 1, 25),
(1532, 29, 27, 1, 34),
(1533, 29, 37, 1, 18),
(1534, 29, 26, 4, 25),
(1535, 29, 30, 3, 1),
(1536, 29, 31, 4, 22),
(1537, 29, 36, 2, 11),
(1538, 29, 38, 3, 11),
(1540, 29, 37, 1, 16),
(1541, 29, 37, 1, 14),
(1542, 29, 31, 4, 26),
(1545, 29, 38, 1, 6),
(1546, 29, 0, 7, 29),
(1547, 29, 33, 1, 30),
(1548, 29, 38, 3, 32),
(1549, 29, 31, 4, 25),
(1550, 29, 36, 2, 34),
(1551, 29, 36, 2, 11),
(1552, 29, 38, 3, 11),
(1553, 29, 33, 1, 16),
(1554, 29, 33, 1, 14),
(1555, 29, 36, 2, 25),
(1556, 29, 38, 3, 6),
(1558, 29, 33, 1, 39),
(1559, 29, 33, 1, 14),
(1560, 29, 31, 4, 27),
(1561, 29, 0, 7, 29),
(1562, 29, 36, 2, 30),
(1563, 29, 37, 1, 11),
(1564, 29, 29, 2, 11),
(1565, 29, 36, 2, 36),
(1566, 29, 31, 4, 26),
(1567, 29, 37, 1, 34),
(1568, 29, 33, 1, 31),
(1569, 29, 31, 4, 27),
(1570, 29, 37, 1, 15),
(1571, 29, 33, 1, 14),
(1572, 29, 35, 5, 26),
(1573, 29, 31, 4, 34),
(1574, 29, 29, 2, 10),
(1575, 29, 35, 5, 38),
(1576, 29, 31, 4, 26),
(1577, 29, 33, 1, 34),
(1578, 29, 29, 2, 33),
(1579, 29, 35, 5, 16),
(1580, 29, 0, 7, 29),
(1581, 29, 38, 3, 30),
(1582, 29, 35, 5, 32),
(1583, 29, 31, 4, 25),
(1584, 29, 37, 1, 1),
(1585, 29, 38, 3, 30),
(1586, 29, 29, 2, 11),
(1587, 29, 31, 4, 11),
(1588, 29, 35, 5, 37),
(1589, 29, 31, 4, 25),
(1590, 29, 29, 2, 2),
(1591, 30, 0, 7, 29),
(1592, 30, 31, 4, 22),
(1593, 30, 30, 3, 11),
(1594, 30, 29, 2, 9),
(1595, 30, 33, 1, 14),
(1596, 30, 31, 4, 25),
(1597, 30, 30, 3, 16),
(1598, 30, 30, 3, 14),
(1599, 30, 31, 4, 25),
(1600, 30, 30, 3, 34),
(1601, 30, 0, 7, 29),
(1602, 30, 28, 1, 30),
(1603, 30, 0, 7, 29),
(1604, 30, 28, 1, 22),
(1605, 30, 33, 1, 11),
(1606, 30, 29, 2, 10),
(1607, 30, 35, 5, 39),
(1608, 30, 33, 1, 13),
(1609, 30, 31, 4, 25),
(1610, 30, 30, 3, 34),
(1611, 30, 29, 2, 33),
(1612, 30, 31, 4, 37),
(1613, 30, 28, 1, 25),
(1614, 30, 30, 3, 1),
(1615, 30, 29, 2, 22),
(1616, 30, 33, 1, 11),
(1618, 30, 27, 2, 10),
(1619, 30, 31, 4, 32),
(1621, 30, 27, 2, 6),
(1622, 30, 27, 2, 31),
(1623, 30, 31, 4, 25),
(1624, 30, 33, 1, 6),
(1625, 30, 33, 1, 32),
(1626, 30, 31, 4, 25),
(1627, 30, 30, 3, 6),
(1628, 30, 27, 2, 10),
(1629, 30, 31, 4, 37),
(1630, 30, 28, 1, 27),
(1631, 30, 0, 7, 29),
(1632, 30, 30, 3, 30),
(1633, 30, 27, 2, 7),
(1634, 30, 30, 3, 23),
(1635, 30, 28, 1, 13),
(1637, 30, 31, 4, 25),
(1638, 30, 33, 1, 6),
(1639, 30, 0, 7, 29),
(1640, 30, 33, 1, 22),
(1641, 30, 0, 7, 29),
(1642, 30, 33, 1, 23),
(1643, 30, 30, 3, 13),
(1644, 30, 31, 4, 25),
(1645, 30, 27, 2, 6),
(1646, 30, 33, 1, 31),
(1647, 30, 31, 4, 26),
(1648, 30, 27, 2, 18),
(1649, 30, 33, 1, 26),
(1650, 30, 28, 1, 6),
(1651, 30, 28, 1, 7),
(1652, 30, 27, 2, 21),
(1653, 30, 27, 2, 23),
(1654, 30, 30, 3, 13),
(1655, 30, 31, 4, 26),
(1656, 30, 29, 2, 9),
(1657, 30, 0, 7, 29),
(1658, 30, 31, 4, 30),
(1659, 30, 28, 1, 33),
(1660, 30, 31, 4, 16),
(1661, 30, 35, 5, 14),
(1662, 30, 31, 4, 25),
(1664, 30, 28, 1, 6),
(1665, 30, 33, 1, 31),
(1666, 30, 31, 4, 25),
(1667, 30, 29, 2, 6),
(1668, 30, 29, 2, 33),
(1669, 30, 30, 3, 37),
(1670, 30, 31, 4, 25),
(1671, 30, 30, 3, 1),
(1672, 30, 28, 1, 21),
(1673, 30, 28, 1, 23),
(1674, 30, 35, 5, 13),
(1675, 30, 31, 4, 25),
(1676, 30, 33, 1, 1),
(1677, 30, 29, 2, 30),
(1678, 30, 30, 3, 31),
(1679, 30, 31, 4, 25),
(1680, 30, 30, 3, 6),
(1681, 30, 27, 2, 11),
(1682, 30, 33, 1, 10),
(1683, 30, 29, 2, 39),
(1684, 30, 33, 1, 13),
(1685, 30, 31, 4, 25),
(1686, 30, 30, 3, 6),
(1687, 30, 35, 5, 39),
(1688, 30, 33, 1, 15),
(1689, 30, 35, 5, 15),
(1690, 30, 34, 5, 13),
(1691, 30, 31, 4, 25),
(1692, 30, 33, 1, 1),
(1693, 50, 28, 1, 1),
(1694, 30, 26, 4, 30),
(1725, 30, 0, 7, 29),
(1726, 30, 26, 4, 22),
(1727, 30, 27, 2, 33),
(1728, 30, 33, 1, 37),
(1729, 30, 26, 4, 25),
(1730, 30, 33, 1, 6),
(1731, 30, 35, 5, 31),
(1732, 30, 26, 4, 25),
(1733, 30, 38, 3, 5),
(1734, 30, 0, 7, 29),
(1735, 30, 33, 1, 22),
(1736, 30, 27, 2, 39),
(1737, 30, 28, 1, 13),
(1738, 30, 26, 4, 25),
(1739, 30, 38, 3, 6),
(1740, 30, 27, 2, 33),
(1741, 30, 35, 5, 36),
(1742, 30, 26, 4, 25),
(1743, 30, 28, 1, 1),
(1744, 30, 27, 2, 22),
(1745, 30, 29, 2, 11),
(1746, 30, 38, 3, 10),
(1747, 30, 27, 2, 36),
(1748, 30, 26, 4, 25),
(1749, 30, 33, 1, 6),
(1750, 30, 38, 3, 31),
(1751, 30, 26, 4, 25),
(1752, 30, 28, 1, 1),
(1753, 30, 27, 2, 22),
(1754, 30, 0, 7, 29),
(1755, 30, 27, 2, 22),
(1756, 30, 27, 2, 35),
(1757, 30, 26, 4, 25),
(1758, 30, 38, 3, 1),
(1759, 30, 27, 2, 23),
(1760, 30, 33, 1, 13),
(1761, 30, 26, 4, 25),
(1762, 30, 28, 1, 6),
(1763, 30, 38, 3, 31),
(1764, 30, 26, 4, 25),
(1765, 30, 38, 3, 6),
(1766, 30, 28, 1, 11),
(1767, 30, 29, 2, 11),
(1768, 30, 35, 5, 37),
(1769, 30, 26, 4, 25),
(1770, 30, 29, 2, 1),
(1771, 30, 31, 4, 22),
(1772, 30, 0, 7, 29),
(1773, 30, 31, 4, 23),
(1774, 30, 35, 5, 13),
(1775, 30, 31, 4, 25),
(1776, 30, 28, 1, 5),
(1777, 30, 33, 1, 14),
(1778, 30, 30, 3, 25),
(1779, 30, 28, 1, 6),
(1780, 30, 29, 2, 10),
(1781, 30, 28, 1, 37),
(1782, 30, 31, 4, 26),
(1783, 30, 33, 1, 6),
(1784, 30, 0, 7, 29),
(1785, 30, 28, 1, 23),
(1786, 30, 35, 5, 15),
(1787, 30, 28, 1, 13),
(1788, 30, 31, 4, 25),
(1789, 30, 29, 2, 6),
(1790, 30, 33, 1, 31),
(1791, 30, 31, 4, 25),
(1792, 30, 30, 3, 1),
(1793, 31, 0, 7, 29),
(1794, 31, 0, 7, 29),
(1795, 31, 26, 4, 23),
(1796, 31, 38, 3, 13),
(1797, 31, 26, 4, 25),
(1798, 31, 37, 3, 34),
(1799, 31, 37, 3, 18),
(1800, 31, 26, 4, 25),
(1801, 31, 38, 1, 34),
(1802, 31, 37, 3, 11),
(1803, 31, 36, 2, 10),
(1804, 31, 36, 2, 17),
(1805, 31, 34, 5, 25),
(1806, 31, 37, 3, 6),
(1807, 31, 36, 2, 33),
(1808, 31, 32, 1, 36),
(1809, 31, 26, 4, 25),
(1810, 31, 38, 1, 34),
(1811, 31, 36, 2, 11),
(1812, 31, 38, 1, 10),
(1813, 31, 38, 1, 37),
(1814, 31, 26, 4, 25),
(1815, 31, 36, 2, 2),
(1816, 31, 29, 2, 28),
(1817, 31, 37, 1, 23),
(1818, 31, 34, 5, 14),
(1819, 31, 26, 4, 27),
(1820, 31, 0, 7, 29),
(1822, 31, 36, 2, 30),
(1823, 31, 27, 2, 38),
(1824, 31, 37, 1, 25),
(1825, 31, 38, 3, 34),
(1826, 31, 26, 4, 11),
(1827, 31, 27, 2, 11),
(1828, 31, 36, 2, 31),
(1829, 31, 26, 4, 25),
(1830, 31, 27, 2, 1),
(1831, 31, 36, 2, 30),
(1832, 31, 0, 7, 29),
(1833, 31, 36, 2, 30),
(1834, 31, 27, 2, 31),
(1835, 31, 26, 4, 25),
(1836, 31, 38, 3, 1),
(1837, 31, 36, 2, 23),
(1838, 31, 0, 7, 29),
(1839, 31, 38, 3, 21),
(1840, 31, 38, 3, 22),
(1841, 31, 26, 4, 38),
(1842, 31, 34, 5, 25),
(1843, 31, 32, 1, 5),
(1845, 31, 38, 3, 15),
(1846, 31, 34, 5, 13),
(1847, 31, 26, 4, 25),
(1848, 31, 27, 2, 1),
(1849, 31, 32, 1, 30),
(1850, 31, 27, 2, 7),
(1851, 31, 32, 1, 23),
(1852, 31, 37, 1, 13),
(1853, 31, 26, 4, 25),
(1854, 31, 27, 2, 34),
(1855, 31, 34, 5, 19),
(1856, 31, 34, 5, 13),
(1857, 31, 26, 4, 25),
(1858, 31, 37, 1, 1),
(1859, 31, 27, 2, 22),
(1860, 31, 26, 4, 11),
(1861, 31, 36, 2, 11),
(1862, 31, 37, 1, 37),
(1863, 31, 26, 4, 25),
(1864, 31, 38, 3, 6),
(1865, 31, 0, 7, 29),
(1866, 31, 27, 2, 30),
(1867, 31, 27, 2, 31),
(1869, 31, 26, 4, 6),
(1870, 31, 36, 2, 31),
(1871, 31, 26, 4, 25),
(1872, 31, 36, 2, 2),
(1873, 31, 27, 2, 23),
(1874, 31, 32, 1, 14),
(1875, 31, 26, 4, 25),
(1876, 31, 37, 1, 6),
(1877, 31, 34, 5, 31),
(1878, 31, 26, 4, 25),
(1879, 31, 36, 2, 2),
(1880, 31, 26, 4, 21),
(1881, 31, 26, 4, 30),
(1882, 31, 38, 3, 11),
(1883, 31, 36, 2, 7),
(1884, 31, 26, 4, 22),
(1885, 31, 36, 2, 11),
(1886, 31, 38, 3, 11),
(1887, 31, 32, 1, 35),
(1888, 31, 26, 4, 25),
(1889, 31, 37, 1, 6),
(1890, 31, 0, 7, 29),
(1891, 31, 26, 4, 22),
(1892, 31, 0, 7, 29),
(1893, 31, 26, 4, 22),
(1894, 31, 0, 7, 29),
(1895, 31, 31, 4, 22),
(1896, 31, 0, 7, 29),
(1897, 31, 31, 4, 22),
(1898, 31, 0, 7, 29),
(1899, 31, 31, 4, 30),
(1900, 31, 37, 1, 38),
(1901, 31, 31, 4, 27),
(1902, 31, 34, 5, 14),
(1903, 31, 0, 7, 29),
(1904, 31, 37, 1, 22),
(1905, 31, 0, 7, 29),
(1906, 31, 37, 1, 23),
(1907, 31, 34, 5, 13),
(1909, 31, 31, 4, 27),
(1910, 31, 0, 7, 29);

-- --------------------------------------------------------

--
-- 資料表結構 `role`
--

CREATE TABLE `role` (
  `rid` int(255) NOT NULL,
  `rName` varchar(255) NOT NULL
) ENGINE=InnoDB DEFAULT CHARSET=utf8mb4 COLLATE=utf8mb4_general_ci;

--
-- 傾印資料表的資料 `role`
--

INSERT INTO `role` (`rid`, `rName`) VALUES
(1, '鎚'),
(2, 'Middle'),
(3, '後二'),
(4, 'Setter'),
(5, 'Libero'),
(6, '後排'),
(7, '對方<br>球員');

-- --------------------------------------------------------

--
-- 資料表結構 `role_action`
--

CREATE TABLE `role_action` (
  `raid` int(255) NOT NULL,
  `rid` int(255) NOT NULL,
  `aid` int(255) NOT NULL
) ENGINE=InnoDB DEFAULT CHARSET=utf8mb4 COLLATE=utf8mb4_general_ci;

--
-- 傾印資料表的資料 `role_action`
--

INSERT INTO `role_action` (`raid`, `rid`, `aid`) VALUES
(139, 1, 1),
(140, 1, 2),
(141, 1, 3),
(143, 1, 5),
(144, 1, 6),
(145, 1, 7),
(146, 1, 8),
(147, 1, 9),
(148, 1, 10),
(149, 1, 11),
(150, 1, 12),
(151, 1, 13),
(152, 1, 14),
(153, 1, 15),
(154, 1, 16),
(155, 1, 17),
(156, 1, 18),
(157, 1, 19),
(158, 1, 20),
(159, 1, 21),
(160, 1, 22),
(161, 1, 23),
(163, 1, 25),
(164, 1, 26),
(165, 1, 27),
(166, 1, 28),
(167, 2, 1),
(168, 2, 2),
(169, 2, 3),
(171, 2, 5),
(172, 2, 6),
(173, 2, 7),
(174, 2, 8),
(175, 2, 9),
(176, 2, 10),
(177, 2, 11),
(178, 2, 12),
(179, 2, 13),
(180, 2, 14),
(181, 2, 15),
(182, 2, 16),
(183, 2, 17),
(184, 2, 18),
(185, 2, 19),
(186, 2, 20),
(187, 2, 21),
(188, 2, 22),
(189, 2, 23),
(191, 2, 25),
(192, 2, 26),
(193, 2, 27),
(194, 2, 28),
(195, 3, 1),
(196, 3, 2),
(197, 3, 3),
(199, 3, 5),
(200, 3, 6),
(201, 3, 7),
(202, 3, 8),
(203, 3, 9),
(204, 3, 10),
(205, 3, 11),
(206, 3, 12),
(207, 3, 13),
(208, 3, 14),
(209, 3, 15),
(210, 3, 16),
(211, 3, 17),
(212, 3, 18),
(213, 3, 19),
(214, 3, 20),
(215, 3, 21),
(216, 3, 22),
(217, 3, 23),
(219, 3, 25),
(220, 3, 26),
(221, 3, 27),
(222, 3, 28),
(223, 4, 1),
(224, 4, 2),
(225, 4, 3),
(227, 4, 5),
(228, 4, 6),
(229, 4, 7),
(230, 4, 8),
(231, 4, 9),
(232, 4, 10),
(233, 4, 11),
(234, 4, 12),
(235, 4, 13),
(236, 4, 14),
(237, 4, 15),
(238, 4, 16),
(239, 4, 17),
(240, 4, 18),
(241, 4, 19),
(242, 4, 20),
(243, 4, 21),
(244, 4, 22),
(245, 4, 23),
(247, 4, 25),
(248, 4, 26),
(249, 4, 27),
(250, 4, 28),
(251, 5, 2),
(252, 5, 3),
(254, 5, 5),
(256, 5, 12),
(257, 5, 13),
(258, 5, 14),
(259, 5, 15),
(260, 5, 16),
(261, 5, 17),
(262, 5, 18),
(263, 5, 19),
(264, 5, 20),
(265, 5, 25),
(266, 5, 26),
(267, 5, 27),
(268, 5, 28),
(269, 6, 1),
(270, 6, 2),
(271, 6, 3),
(273, 6, 5),
(274, 6, 6),
(275, 7, 29),
(276, 2, 30),
(277, 4, 30),
(278, 3, 30),
(279, 1, 30),
(280, 1, 31),
(281, 1, 32),
(282, 2, 31),
(283, 2, 32),
(284, 3, 31),
(285, 3, 32),
(286, 4, 31),
(287, 4, 32),
(288, 5, 31),
(289, 5, 32),
(290, 2, 33),
(291, 2, 34),
(292, 4, 33),
(293, 4, 34),
(294, 3, 33),
(295, 3, 34),
(296, 1, 33),
(297, 1, 34),
(298, 6, 34),
(299, 1, 35),
(300, 1, 36),
(301, 1, 37),
(302, 1, 38),
(303, 2, 35),
(304, 2, 36),
(305, 2, 37),
(306, 2, 38),
(307, 3, 35),
(308, 3, 36),
(309, 3, 37),
(310, 3, 38),
(311, 4, 35),
(312, 4, 36),
(313, 4, 37),
(314, 4, 38),
(315, 5, 35),
(316, 5, 36),
(317, 5, 37),
(318, 5, 38),
(319, 1, 39),
(320, 1, 40),
(321, 2, 39),
(322, 2, 40),
(323, 3, 39),
(324, 3, 40),
(325, 4, 39),
(326, 4, 40),
(327, 5, 39),
(328, 5, 40);

-- --------------------------------------------------------

--
-- 資料表結構 `scoreboard`
--

CREATE TABLE `scoreboard` (
  `sbid` int(255) NOT NULL,
  `resid` int(255) NOT NULL,
  `scored` float(4,1) NOT NULL,
  `lost` float(4,1) NOT NULL
) ENGINE=InnoDB DEFAULT CHARSET=utf8mb4 COLLATE=utf8mb4_general_ci;

--
-- 傾印資料表的資料 `scoreboard`
--

INSERT INTO `scoreboard` (`sbid`, `resid`, `scored`, `lost`) VALUES
(1, 1, 0.0, 0.0),
(4, 4, 0.0, 0.0),
(5, 5, 0.0, 0.0),
(6, 6, 0.0, 0.0),
(7, 7, 0.0, 0.0),
(15, 15, 0.0, 0.0),
(16, 16, 0.0, 0.0),
(17, 17, 1.0, 0.0),
(18, 18, 1.0, 0.0),
(20, 20, 1.0, 0.0),
(21, 21, 2.0, 0.0),
(22, 22, 2.0, 0.0),
(23, 23, 2.0, 1.0),
(24, 24, 2.0, 1.0),
(25, 25, 2.0, 1.0),
(26, 26, 3.0, 1.0),
(27, 27, 3.0, 2.0),
(28, 28, 3.0, 2.0),
(29, 29, 3.0, 2.0),
(31, 31, 3.0, 2.0),
(32, 32, 3.0, 2.0),
(33, 33, 3.0, 2.0),
(34, 34, 3.0, 2.0),
(35, 35, 4.0, 2.0),
(36, 36, 4.0, 2.0),
(39, 39, 4.0, 3.0),
(40, 40, 4.0, 3.0),
(41, 41, 5.0, 3.0),
(42, 42, 5.0, 3.0),
(43, 43, 5.0, 3.0),
(44, 44, 5.0, 3.0),
(45, 45, 6.0, 3.0),
(46, 46, 6.0, 3.0),
(47, 47, 6.0, 3.0),
(48, 48, 6.0, 3.0),
(49, 49, 6.0, 3.0),
(50, 50, 6.0, 3.0),
(51, 51, 6.0, 3.0),
(52, 52, 7.0, 3.0),
(53, 53, 7.0, 3.0),
(54, 54, 7.0, 3.0),
(55, 55, 7.0, 3.0),
(56, 56, 7.0, 4.0),
(57, 57, 7.0, 4.0),
(58, 58, 7.0, 4.0),
(59, 59, 7.0, 4.0),
(60, 60, 7.0, 4.0),
(61, 61, 7.0, 4.0),
(62, 62, 7.0, 4.0),
(63, 63, 7.0, 4.0),
(64, 64, 7.0, 4.0),
(65, 65, 7.0, 5.0),
(66, 66, 7.0, 5.0),
(67, 67, 7.0, 5.0),
(68, 68, 8.0, 5.0),
(69, 69, 8.0, 5.0),
(71, 71, 8.0, 6.0),
(72, 72, 8.0, 7.0),
(74, 74, 8.0, 7.0),
(75, 75, 8.0, 7.0),
(76, 76, 9.0, 7.0),
(77, 77, 9.0, 7.0),
(79, 79, 9.0, 8.0),
(80, 80, 9.0, 8.0),
(81, 81, 9.0, 8.0),
(82, 82, 9.0, 8.0),
(83, 83, 9.0, 8.0),
(84, 84, 9.0, 8.0),
(85, 85, 10.0, 8.0),
(86, 86, 10.0, 8.0),
(88, 88, 10.0, 9.0),
(89, 89, 10.0, 9.0),
(92, 92, 10.0, 9.0),
(93, 93, 11.0, 9.0),
(94, 94, 11.0, 9.0),
(95, 95, 11.0, 10.0),
(96, 96, 11.0, 10.0),
(98, 98, 11.0, 11.0),
(99, 99, 11.0, 11.0),
(100, 100, 11.0, 12.0),
(101, 101, 11.0, 12.0),
(102, 102, 11.0, 12.0),
(103, 103, 12.0, 12.0),
(104, 104, 12.0, 12.0),
(105, 105, 12.0, 12.0),
(106, 106, 12.0, 12.0),
(107, 107, 12.0, 12.0),
(108, 108, 12.0, 12.0),
(109, 109, 12.0, 12.0),
(110, 110, 12.0, 12.0),
(111, 111, 13.0, 12.0),
(113, 113, 13.0, 12.0),
(114, 114, 13.0, 12.0),
(115, 115, 13.0, 12.0),
(116, 116, 13.0, 12.0),
(117, 117, 13.0, 12.0),
(118, 118, 14.0, 12.0),
(119, 119, 14.0, 12.0),
(120, 120, 14.0, 12.0),
(121, 121, 14.0, 12.0),
(122, 122, 14.0, 12.0),
(124, 124, 14.0, 12.0),
(125, 125, 14.0, 12.0),
(126, 126, 15.0, 12.0),
(127, 127, 15.0, 12.0),
(128, 128, 15.0, 12.0),
(129, 129, 15.0, 12.0),
(130, 130, 15.0, 12.0),
(131, 131, 16.0, 12.0),
(132, 132, 16.0, 12.0),
(133, 133, 16.0, 12.0),
(134, 134, 16.0, 12.0),
(135, 135, 16.0, 12.0),
(136, 136, 17.0, 12.0),
(137, 137, 17.0, 12.0),
(138, 138, 17.0, 12.0),
(139, 139, 17.0, 12.0),
(140, 140, 17.0, 12.0),
(142, 142, 18.0, 12.0),
(143, 143, 18.0, 12.0),
(144, 144, 18.0, 13.0),
(145, 145, 19.0, 13.0),
(146, 146, 19.0, 13.0),
(147, 147, 19.0, 13.0),
(148, 148, 19.0, 13.0),
(149, 149, 20.0, 13.0),
(150, 150, 20.0, 13.0),
(151, 151, 21.0, 13.0),
(152, 152, 21.0, 13.0),
(153, 153, 21.0, 13.0),
(154, 154, 21.0, 13.0),
(155, 155, 21.0, 13.0),
(156, 156, 21.0, 13.0),
(157, 157, 21.0, 13.0),
(158, 158, 21.0, 14.0),
(159, 159, 21.0, 15.0),
(160, 160, 21.0, 15.0),
(161, 161, 21.0, 15.0),
(162, 162, 22.0, 15.0),
(163, 163, 22.0, 15.0),
(164, 164, 23.0, 15.0),
(165, 165, 23.0, 15.0),
(166, 166, 23.0, 15.0),
(167, 167, 23.0, 15.0),
(168, 168, 23.0, 15.0),
(169, 169, 24.0, 15.0),
(170, 170, 24.0, 15.0),
(171, 171, 24.0, 15.0),
(172, 172, 24.0, 15.0),
(173, 173, 24.0, 15.0),
(174, 174, 25.0, 15.0),
(175, 175, 0.0, 0.0),
(176, 176, 0.0, 0.0),
(177, 177, 0.0, 0.0),
(178, 178, 0.0, 0.0),
(180, 180, 0.0, 0.0),
(181, 181, 1.0, 0.0),
(183, 183, 2.0, 0.0),
(185, 185, 2.0, 0.0),
(186, 186, 2.0, 0.0),
(188, 188, 2.0, 0.0),
(189, 189, 3.0, 0.0),
(190, 190, 3.0, 0.0),
(191, 191, 3.0, 0.0),
(192, 192, 3.0, 0.0),
(193, 193, 3.0, 0.0),
(194, 194, 4.0, 0.0),
(195, 195, 4.0, 0.0),
(196, 196, 5.0, 0.0),
(197, 197, 5.0, 0.0),
(198, 198, 5.0, 0.0),
(199, 199, 5.0, 0.0),
(200, 200, 5.0, 0.0),
(201, 201, 5.0, 1.0),
(204, 204, 5.0, 2.0),
(205, 205, 6.0, 2.0),
(206, 206, 6.0, 2.0),
(208, 208, 7.0, 2.0),
(209, 209, 7.0, 3.0),
(210, 210, 7.0, 4.0),
(211, 211, 7.0, 4.0),
(212, 212, 7.0, 4.0),
(213, 213, 7.0, 4.0),
(214, 214, 7.0, 4.0),
(215, 215, 7.0, 4.0),
(216, 216, 7.0, 4.0),
(217, 217, 7.0, 4.0),
(218, 218, 7.0, 4.0),
(219, 219, 7.0, 4.0),
(220, 220, 8.0, 4.0),
(221, 221, 8.0, 4.0),
(222, 222, 8.0, 5.0),
(223, 223, 8.0, 5.0),
(224, 224, 8.0, 5.0),
(225, 225, 8.0, 6.0),
(226, 226, 8.0, 6.0),
(227, 227, 8.0, 6.0),
(228, 228, 8.0, 6.0),
(229, 229, 9.0, 6.0),
(230, 230, 9.0, 6.0),
(231, 231, 9.0, 6.0),
(232, 232, 9.0, 6.0),
(233, 233, 9.0, 6.0),
(234, 234, 9.0, 6.0),
(236, 236, 9.0, 7.0),
(237, 237, 9.0, 7.0),
(238, 238, 9.0, 7.0),
(239, 239, 9.0, 7.0),
(240, 240, 9.0, 7.0),
(241, 241, 9.0, 7.0),
(242, 242, 9.0, 7.0),
(243, 243, 9.0, 7.0),
(244, 244, 9.0, 7.0),
(246, 246, 9.0, 8.0),
(247, 247, 9.0, 8.0),
(248, 248, 9.0, 8.0),
(249, 249, 10.0, 8.0),
(250, 250, 10.0, 8.0),
(251, 251, 10.0, 8.0),
(252, 252, 10.0, 8.0),
(253, 253, 11.0, 8.0),
(254, 254, 11.0, 8.0),
(255, 255, 11.0, 8.0),
(256, 256, 11.0, 8.0),
(257, 257, 11.0, 8.0),
(258, 258, 12.0, 8.0),
(259, 259, 12.0, 8.0),
(260, 260, 12.0, 9.0),
(261, 261, 12.0, 10.0),
(262, 262, 12.0, 10.0),
(263, 263, 12.0, 10.0),
(264, 264, 13.0, 10.0),
(265, 265, 13.0, 10.0),
(266, 266, 13.0, 11.0),
(267, 267, 13.0, 11.0),
(268, 268, 13.0, 11.0),
(269, 269, 13.0, 11.0),
(270, 270, 13.0, 11.0),
(271, 271, 13.0, 11.0),
(272, 272, 13.0, 11.0),
(273, 273, 14.0, 11.0),
(274, 274, 14.0, 11.0),
(275, 275, 14.0, 12.0),
(276, 276, 15.0, 12.0),
(277, 277, 15.0, 13.0),
(278, 278, 15.0, 13.0),
(279, 279, 15.0, 13.0),
(280, 280, 15.0, 13.0),
(281, 281, 15.0, 13.0),
(282, 282, 16.0, 13.0),
(283, 283, 17.0, 13.0),
(284, 284, 17.0, 13.0),
(285, 285, 17.0, 13.0),
(286, 286, 17.0, 13.0),
(287, 287, 17.0, 13.0),
(288, 288, 17.0, 13.0),
(290, 290, 17.0, 13.0),
(291, 291, 17.0, 13.0),
(292, 292, 17.0, 13.0),
(293, 293, 18.0, 13.0),
(294, 294, 18.0, 13.0),
(295, 295, 18.0, 13.0),
(296, 296, 18.0, 13.0),
(297, 297, 18.0, 13.0),
(298, 298, 19.0, 13.0),
(299, 299, 19.0, 13.0),
(300, 300, 19.0, 14.0),
(301, 301, 19.0, 14.0),
(302, 302, 19.0, 14.0),
(303, 303, 19.0, 14.0),
(304, 304, 20.0, 14.0),
(305, 305, 20.0, 14.0),
(306, 306, 20.0, 15.0),
(307, 307, 20.0, 15.0),
(308, 308, 20.0, 15.0),
(309, 309, 21.0, 15.0),
(310, 310, 21.0, 16.0),
(311, 311, 21.0, 16.0),
(312, 312, 21.0, 16.0),
(313, 313, 21.0, 16.0),
(314, 314, 21.0, 16.0),
(315, 315, 21.0, 16.0),
(316, 316, 22.0, 16.0),
(317, 317, 23.0, 16.0),
(318, 318, 23.0, 16.0),
(319, 319, 23.0, 16.0),
(320, 320, 23.0, 16.0),
(321, 321, 23.0, 16.0),
(322, 322, 23.0, 16.0),
(323, 323, 23.0, 16.0),
(324, 324, 24.0, 16.0),
(325, 325, 24.0, 17.0),
(326, 326, 24.0, 18.0),
(327, 327, 24.0, 18.0),
(328, 328, 24.0, 18.0),
(329, 329, 24.0, 18.0),
(330, 330, 24.0, 18.0),
(331, 331, 24.0, 19.0),
(332, 332, 25.0, 19.0),
(333, 333, 0.0, 0.0),
(334, 334, 0.0, 0.0),
(335, 335, 1.0, 0.0),
(336, 336, 2.0, 0.0),
(337, 337, 2.0, 0.0),
(338, 338, 3.0, 0.0),
(339, 339, 3.0, 0.0),
(340, 340, 3.0, 0.0),
(341, 341, 3.0, 0.0),
(342, 342, 3.0, 0.0),
(343, 343, 3.0, 1.0),
(344, 344, 3.0, 1.0),
(345, 345, 3.0, 1.0),
(346, 346, 3.0, 1.0),
(347, 347, 3.0, 1.0),
(348, 348, 3.0, 1.0),
(349, 349, 3.0, 1.0),
(350, 350, 3.0, 1.0),
(351, 351, 4.0, 1.0),
(352, 352, 4.0, 1.0),
(353, 353, 4.0, 1.0),
(354, 354, 4.0, 2.0),
(355, 355, 4.0, 2.0),
(356, 356, 4.0, 2.0),
(357, 357, 5.0, 2.0),
(358, 358, 5.0, 2.0),
(359, 359, 6.0, 2.0),
(360, 360, 6.0, 2.0),
(361, 361, 6.0, 2.0),
(362, 362, 6.0, 2.0),
(363, 363, 6.0, 2.0),
(364, 364, 6.0, 2.0),
(365, 365, 6.0, 2.0),
(366, 366, 6.0, 3.0),
(367, 367, 6.0, 3.0),
(372, 372, 6.0, 3.0),
(373, 373, 6.0, 4.0),
(374, 374, 6.0, 4.0),
(375, 375, 6.0, 4.0),
(376, 376, 6.0, 4.0),
(377, 377, 7.0, 4.0),
(378, 378, 7.0, 5.0),
(379, 379, 7.0, 5.0),
(380, 380, 7.0, 5.0),
(381, 381, 7.0, 6.0),
(382, 382, 7.0, 6.0),
(383, 383, 7.0, 6.0),
(384, 384, 8.0, 6.0),
(385, 385, 8.0, 6.0),
(386, 386, 8.0, 6.0),
(387, 387, 8.0, 6.0),
(388, 388, 8.0, 7.0),
(389, 389, 8.0, 7.0),
(390, 390, 8.0, 7.0),
(391, 391, 9.0, 7.0),
(392, 392, 9.0, 8.0),
(393, 393, 9.0, 8.0),
(394, 394, 9.0, 9.0),
(395, 395, 9.0, 9.0),
(396, 396, 9.0, 9.0),
(397, 397, 9.0, 9.0),
(398, 398, 9.0, 9.0),
(399, 399, 10.0, 9.0),
(400, 400, 10.0, 9.0),
(401, 401, 10.0, 9.0),
(402, 402, 10.0, 9.0),
(403, 403, 10.0, 9.0),
(404, 404, 10.0, 9.0),
(405, 405, 10.0, 9.0),
(406, 406, 10.0, 10.0),
(407, 407, 10.0, 11.0),
(408, 408, 10.0, 11.0),
(409, 409, 10.0, 11.0),
(410, 410, 11.0, 11.0),
(411, 411, 11.0, 11.0),
(412, 412, 11.0, 11.0),
(413, 413, 11.0, 11.0),
(414, 414, 11.0, 11.0),
(415, 415, 11.0, 11.0),
(416, 416, 12.0, 11.0),
(417, 417, 13.0, 11.0),
(418, 418, 13.0, 12.0),
(419, 419, 13.0, 12.0),
(420, 420, 13.0, 12.0),
(421, 421, 13.0, 13.0),
(422, 422, 14.0, 13.0),
(423, 423, 14.0, 14.0),
(424, 424, 15.0, 14.0),
(425, 425, 15.0, 14.0),
(426, 426, 15.0, 14.0),
(427, 427, 15.0, 14.0),
(428, 428, 15.0, 14.0),
(429, 429, 15.0, 14.0),
(430, 430, 15.0, 14.0),
(431, 431, 15.0, 14.0),
(432, 432, 15.0, 14.0),
(433, 433, 15.0, 15.0),
(434, 434, 15.0, 15.0),
(435, 435, 15.0, 15.0),
(436, 436, 15.0, 15.0),
(437, 437, 15.0, 15.0),
(438, 438, 15.0, 15.0),
(439, 439, 15.0, 15.0),
(440, 440, 15.0, 15.0),
(442, 442, 16.0, 15.0),
(443, 443, 16.0, 15.0),
(444, 444, 16.0, 15.0),
(445, 445, 16.0, 15.0),
(446, 446, 16.0, 15.0),
(447, 447, 16.0, 15.0),
(448, 448, 17.0, 15.0),
(449, 449, 17.0, 15.0),
(450, 450, 17.0, 16.0),
(451, 451, 17.0, 16.0),
(452, 452, 17.0, 16.0),
(453, 453, 17.0, 16.0),
(454, 454, 17.0, 16.0),
(455, 455, 18.0, 16.0),
(456, 456, 18.0, 16.0),
(457, 457, 19.0, 16.0),
(458, 458, 19.0, 17.0),
(459, 459, 19.0, 17.0),
(460, 460, 19.0, 17.0),
(461, 461, 20.0, 17.0),
(462, 462, 21.0, 17.0),
(463, 463, 21.0, 17.0),
(464, 464, 22.0, 17.0),
(465, 465, 22.0, 17.0),
(466, 466, 22.0, 17.0),
(467, 467, 22.0, 17.0),
(468, 468, 22.0, 17.0),
(469, 469, 22.0, 17.0),
(470, 470, 22.0, 17.0),
(471, 471, 22.0, 17.0),
(472, 472, 22.0, 17.0),
(473, 473, 22.0, 18.0),
(474, 474, 22.0, 18.0),
(475, 475, 22.0, 18.0),
(476, 476, 22.0, 18.0),
(477, 477, 22.0, 18.0),
(478, 478, 22.0, 18.0),
(479, 479, 22.0, 18.0),
(480, 480, 22.0, 18.0),
(481, 481, 22.0, 18.0),
(482, 482, 22.0, 18.0),
(483, 483, 22.0, 18.0),
(484, 484, 22.0, 19.0),
(485, 485, 22.0, 19.0),
(488, 488, 22.0, 19.0),
(489, 489, 22.0, 19.0),
(490, 490, 23.0, 19.0),
(491, 491, 23.0, 20.0),
(492, 492, 23.0, 20.0),
(493, 493, 23.0, 20.0),
(494, 494, 23.0, 20.0),
(495, 495, 23.0, 20.0),
(496, 496, 23.0, 20.0),
(497, 497, 23.0, 20.0),
(498, 498, 24.0, 20.0),
(499, 499, 25.0, 20.0),
(500, 500, 0.0, 0.0),
(501, 501, 0.0, 0.0),
(502, 502, 0.0, 0.0),
(503, 503, 0.0, 0.0),
(504, 504, 0.0, 0.0),
(505, 505, 0.0, 0.0),
(506, 506, 0.0, 0.0),
(507, 507, 0.0, 0.0),
(508, 508, 0.0, 0.0),
(509, 509, 0.0, 0.0),
(510, 510, 0.0, 0.0),
(511, 511, 0.0, 0.0),
(512, 512, 0.0, 0.0),
(513, 513, 0.0, 0.0),
(514, 514, 0.0, 0.0),
(515, 515, 0.0, 0.0),
(516, 516, 0.0, 0.0),
(517, 517, 0.0, 0.0),
(518, 518, 0.0, 0.0),
(519, 519, 1.0, 0.0),
(520, 520, 2.0, 0.0),
(521, 521, 3.0, 0.0),
(522, 522, 4.0, 0.0),
(523, 523, 4.5, 0.0),
(524, 524, 5.0, 0.0),
(525, 525, 6.0, 0.0),
(526, 526, 7.0, 0.0),
(527, 527, 7.0, 1.0),
(528, 528, 7.0, 2.0),
(529, 529, 7.0, 3.0),
(530, 530, 7.0, 4.0),
(531, 531, 7.0, 5.0),
(532, 532, 7.0, 6.0),
(533, 533, 7.0, 7.0),
(534, 534, 7.0, 8.0),
(535, 535, 7.0, 9.0),
(536, 536, 7.0, 10.0),
(537, 537, 7.0, 11.0),
(538, 538, 8.0, 11.0),
(539, 539, 0.0, 1.0),
(540, 540, 0.0, 1.0),
(541, 541, 0.0, 1.0),
(542, 542, 0.0, 1.0),
(543, 543, 1.0, 1.0),
(544, 544, 1.0, 1.0),
(545, 545, 1.0, 2.0),
(546, 546, 1.0, 2.0),
(547, 547, 1.0, 2.0),
(548, 548, 1.0, 2.0),
(549, 549, 2.0, 2.0),
(550, 550, 2.0, 2.0),
(551, 551, 2.0, 2.0),
(552, 552, 2.0, 2.0),
(554, 554, 3.0, 2.0),
(555, 555, 3.0, 2.0),
(556, 556, 3.0, 3.0),
(557, 557, 3.0, 3.0),
(558, 558, 3.0, 3.0),
(559, 559, 4.0, 3.0),
(560, 560, 5.0, 3.0),
(561, 561, 6.0, 3.0),
(562, 562, 6.0, 3.0),
(564, 564, 6.0, 3.0),
(565, 565, 6.0, 3.0),
(566, 566, 7.0, 3.0),
(567, 567, 7.0, 4.0),
(568, 568, 7.0, 4.0),
(569, 569, 7.0, 4.0),
(570, 570, 8.0, 4.0),
(571, 571, 8.0, 4.0),
(572, 572, 8.0, 4.0),
(573, 573, 8.0, 4.0),
(574, 574, 8.0, 4.0),
(575, 575, 8.0, 4.0),
(576, 576, 8.0, 4.0),
(577, 577, 8.0, 4.0),
(578, 578, 8.0, 4.0),
(579, 579, 8.0, 4.0),
(580, 580, 8.0, 4.0),
(581, 581, 8.0, 4.0),
(582, 582, 8.0, 4.0),
(583, 583, 8.0, 5.0),
(584, 584, 8.0, 5.0),
(585, 585, 8.0, 5.0),
(587, 587, 9.0, 5.0),
(588, 588, 9.0, 5.0),
(589, 589, 10.0, 5.0),
(590, 590, 10.0, 5.0),
(591, 591, 10.0, 5.0),
(592, 592, 10.0, 6.0),
(593, 593, 10.0, 6.0),
(594, 594, 10.0, 6.0),
(595, 595, 10.0, 6.0),
(596, 596, 10.0, 7.0),
(597, 597, 10.0, 7.0),
(598, 598, 10.0, 7.0),
(599, 599, 10.0, 8.0),
(600, 600, 10.0, 8.0),
(601, 601, 10.0, 8.0),
(602, 602, 10.0, 8.0),
(603, 603, 10.0, 8.0),
(604, 604, 10.0, 8.0),
(605, 605, 10.0, 9.0),
(606, 606, 10.0, 9.0),
(607, 607, 11.0, 9.0),
(608, 608, 11.0, 9.0),
(609, 609, 11.0, 10.0),
(610, 610, 11.0, 10.0),
(611, 611, 11.0, 10.0),
(612, 612, 12.0, 10.0),
(613, 613, 12.0, 10.0),
(614, 614, 12.0, 10.0),
(615, 615, 13.0, 10.0),
(616, 616, 13.0, 10.0),
(618, 618, 13.0, 11.0),
(619, 619, 14.0, 11.0),
(620, 620, 14.0, 11.0),
(621, 621, 14.0, 11.0),
(622, 622, 14.0, 11.0),
(623, 623, 14.0, 11.0),
(624, 624, 14.0, 11.0),
(625, 625, 14.0, 11.0),
(626, 626, 14.0, 11.0),
(627, 627, 15.0, 11.0),
(628, 628, 15.0, 11.0),
(629, 629, 15.0, 11.0),
(630, 630, 15.0, 11.0),
(631, 631, 15.0, 11.0),
(632, 632, 15.0, 12.0),
(633, 633, 15.0, 12.0),
(634, 634, 15.0, 12.0),
(635, 635, 15.0, 12.0),
(636, 636, 15.0, 12.0),
(637, 637, 15.0, 12.0),
(638, 638, 15.0, 12.0),
(639, 639, 15.0, 12.0),
(640, 640, 15.0, 12.0),
(641, 641, 15.0, 12.0),
(642, 642, 15.0, 12.0),
(643, 643, 15.0, 12.0),
(644, 644, 15.0, 13.0),
(645, 645, 16.0, 13.0),
(646, 646, 16.0, 13.0),
(647, 647, 16.0, 13.0),
(648, 648, 16.0, 13.0),
(650, 650, 16.0, 13.0),
(651, 651, 16.0, 13.0),
(652, 652, 16.0, 13.0),
(653, 653, 16.0, 13.0),
(654, 654, 16.0, 14.0),
(655, 655, 16.0, 14.0),
(656, 656, 16.0, 14.0),
(658, 658, 16.0, 15.0),
(659, 659, 16.0, 15.0),
(660, 660, 16.0, 15.0),
(661, 661, 16.0, 15.0),
(662, 662, 16.0, 15.0),
(663, 663, 16.0, 15.0),
(664, 664, 16.0, 15.0),
(665, 665, 16.0, 15.0),
(666, 666, 16.0, 15.0),
(667, 667, 17.0, 15.0),
(668, 668, 18.0, 15.0),
(669, 669, 18.0, 15.0),
(670, 670, 18.0, 15.0),
(671, 671, 18.0, 15.0),
(672, 672, 18.0, 16.0),
(673, 673, 18.0, 16.0),
(674, 674, 18.0, 16.0),
(675, 675, 18.0, 16.0),
(676, 676, 18.0, 16.0),
(677, 677, 18.0, 16.0),
(678, 678, 18.0, 16.0),
(679, 679, 19.0, 16.0),
(680, 680, 19.0, 16.0),
(681, 681, 19.0, 16.0),
(682, 682, 19.0, 16.0),
(683, 683, 19.0, 16.0),
(684, 684, 19.0, 16.0),
(685, 685, 20.0, 16.0),
(686, 686, 20.0, 16.0),
(688, 688, 20.0, 16.0),
(689, 689, 20.0, 17.0),
(690, 690, 20.0, 18.0),
(691, 691, 20.0, 18.0),
(692, 692, 20.0, 18.0),
(693, 693, 21.0, 18.0),
(694, 694, 21.0, 19.0),
(695, 695, 21.0, 19.0),
(696, 696, 21.0, 19.0),
(697, 697, 21.0, 19.0),
(698, 698, 21.0, 19.0),
(699, 699, 21.0, 19.0),
(700, 700, 21.0, 19.0),
(701, 701, 21.0, 19.0),
(702, 702, 21.0, 19.0),
(703, 703, 21.0, 19.0),
(704, 704, 22.0, 19.0),
(705, 705, 22.0, 19.0),
(706, 706, 22.0, 19.0),
(707, 707, 22.0, 19.0),
(708, 708, 22.0, 20.0),
(709, 709, 22.0, 20.0),
(710, 710, 22.0, 20.0),
(711, 711, 22.0, 20.0),
(712, 712, 22.0, 20.0),
(713, 713, 22.0, 20.0),
(714, 714, 22.0, 20.0),
(715, 715, 22.0, 20.0),
(716, 716, 22.0, 20.0),
(717, 717, 22.0, 20.0),
(718, 718, 22.0, 20.0),
(719, 719, 22.0, 20.0),
(720, 720, 22.0, 20.0),
(721, 721, 22.0, 20.0),
(722, 722, 22.0, 21.0),
(723, 723, 22.0, 21.0),
(724, 724, 22.0, 21.0),
(725, 725, 23.0, 21.0),
(726, 726, 23.0, 21.0),
(727, 727, 24.0, 21.0),
(728, 728, 24.0, 21.0),
(729, 729, 24.0, 21.0),
(730, 730, 24.0, 21.0),
(731, 731, 24.0, 21.0),
(732, 732, 24.0, 21.0),
(733, 733, 24.0, 21.0),
(734, 734, 24.0, 22.0),
(735, 735, 24.0, 22.0),
(736, 736, 24.0, 23.0),
(737, 737, 24.0, 23.0),
(738, 738, 24.0, 23.0),
(739, 739, 24.0, 23.0),
(740, 740, 24.0, 23.0),
(741, 741, 24.0, 23.0),
(742, 742, 25.0, 23.0),
(743, 743, 25.0, 23.0),
(744, 744, 25.0, 23.0),
(745, 745, 25.0, 23.0),
(746, 746, 25.0, 23.0),
(747, 747, 25.0, 23.0),
(748, 748, 25.0, 23.0),
(749, 749, 25.0, 23.0),
(750, 750, 25.0, 23.0),
(751, 751, 25.0, 23.0),
(752, 752, 25.0, 24.0),
(753, 753, 25.0, 24.0),
(754, 754, 25.0, 24.0),
(755, 755, 26.0, 24.0),
(756, 756, 26.0, 24.0),
(757, 757, 26.0, 24.0),
(758, 758, 26.0, 24.0),
(759, 759, 26.0, 25.0),
(760, 760, 26.0, 25.0),
(761, 761, 26.0, 25.0),
(762, 762, 26.0, 25.0),
(763, 763, 26.0, 25.0),
(764, 764, 26.0, 25.0),
(765, 765, 26.0, 26.0),
(766, 766, 27.0, 26.0),
(767, 767, 27.0, 26.0),
(768, 768, 27.0, 27.0),
(769, 769, 27.0, 27.0),
(770, 770, 27.0, 27.0),
(771, 771, 27.0, 27.0),
(772, 772, 27.0, 28.0),
(773, 773, 0.0, 0.0),
(774, 774, 0.0, 0.0),
(775, 775, 1.0, 0.0),
(776, 776, 1.0, 0.0),
(777, 777, 2.0, 0.0),
(778, 778, 2.0, 0.0),
(780, 780, 2.0, 1.0),
(781, 781, 2.0, 1.0),
(782, 782, 2.0, 1.0),
(783, 783, 3.0, 1.0),
(784, 784, 4.0, 1.0),
(786, 786, 5.0, 1.0),
(787, 787, 5.0, 1.0),
(788, 788, 6.0, 1.0),
(789, 789, 6.0, 1.0),
(790, 790, 6.0, 1.0),
(791, 791, 6.0, 1.0),
(793, 793, 6.0, 1.0),
(794, 794, 6.0, 2.0),
(795, 795, 6.0, 2.0),
(796, 796, 6.0, 2.0),
(797, 797, 6.0, 3.0),
(798, 798, 6.0, 4.0),
(799, 799, 7.0, 4.0),
(800, 800, 7.0, 5.0),
(801, 801, 7.0, 5.0),
(802, 802, 7.0, 5.0),
(803, 803, 7.0, 5.0),
(804, 804, 7.0, 5.0),
(805, 805, 7.0, 5.0),
(806, 806, 7.0, 5.0),
(807, 807, 7.0, 5.0),
(808, 808, 7.0, 5.0),
(809, 809, 7.0, 5.0),
(810, 810, 7.0, 6.0),
(811, 811, 7.0, 6.0),
(812, 812, 7.0, 6.0),
(813, 813, 7.0, 6.0),
(814, 814, 7.0, 6.0),
(815, 815, 8.0, 6.0),
(816, 816, 8.0, 6.0),
(817, 817, 8.0, 6.0),
(818, 818, 8.0, 7.0),
(819, 819, 9.0, 7.0),
(820, 820, 9.0, 7.0),
(821, 821, 9.0, 7.0),
(822, 822, 9.0, 7.0),
(823, 823, 9.0, 7.0),
(824, 824, 10.0, 7.0),
(825, 825, 10.0, 7.0),
(826, 826, 11.0, 7.0),
(827, 827, 11.0, 7.0),
(828, 828, 12.0, 7.0),
(829, 829, 12.0, 7.0),
(830, 830, 12.0, 7.0),
(831, 831, 12.0, 7.0),
(832, 832, 12.0, 7.0),
(833, 833, 12.0, 7.0),
(834, 834, 12.0, 7.0),
(835, 835, 13.0, 7.0),
(836, 836, 13.0, 7.0),
(837, 837, 13.0, 7.0),
(840, 840, 14.0, 7.0),
(841, 841, 14.0, 7.0),
(842, 842, 14.0, 8.0),
(843, 843, 14.0, 8.0),
(844, 844, 14.0, 8.0),
(845, 845, 14.0, 8.0),
(846, 846, 14.0, 9.0),
(847, 847, 15.0, 9.0),
(848, 848, 15.0, 9.0),
(849, 849, 15.0, 10.0),
(850, 850, 15.0, 10.0),
(851, 851, 15.0, 10.0),
(852, 852, 16.0, 10.0),
(853, 853, 16.0, 10.0),
(854, 854, 16.0, 10.0),
(855, 855, 16.0, 10.0),
(856, 856, 16.0, 11.0),
(857, 857, 16.0, 11.0),
(859, 859, 16.0, 12.0),
(860, 860, 16.0, 12.0),
(861, 861, 16.0, 12.0),
(862, 862, 16.0, 12.0),
(863, 863, 16.0, 13.0),
(864, 864, 16.0, 13.0),
(865, 865, 16.0, 13.0),
(866, 866, 17.0, 13.0),
(867, 867, 17.0, 13.0),
(868, 868, 18.0, 13.0),
(869, 869, 18.0, 13.0),
(870, 870, 18.0, 13.0),
(871, 871, 18.0, 13.0),
(872, 872, 18.0, 14.0),
(873, 873, 18.0, 14.0),
(874, 874, 18.0, 14.0),
(875, 875, 19.0, 14.0),
(876, 876, 19.0, 14.0),
(877, 877, 19.0, 15.0),
(878, 878, 19.0, 15.0),
(879, 879, 19.0, 15.0),
(880, 880, 20.0, 15.0),
(881, 881, 20.0, 15.0),
(882, 882, 21.0, 15.0),
(883, 883, 21.0, 15.0),
(884, 884, 21.0, 16.0),
(885, 885, 21.0, 16.0),
(886, 886, 21.0, 16.0),
(887, 887, 22.0, 16.0),
(888, 888, 22.0, 16.0),
(889, 889, 22.0, 16.0),
(890, 890, 22.0, 16.0),
(891, 891, 22.0, 16.0),
(892, 892, 22.0, 16.0),
(893, 893, 22.0, 16.0),
(894, 894, 22.0, 16.0),
(895, 895, 22.0, 17.0),
(896, 896, 22.0, 17.0),
(897, 897, 22.0, 17.0),
(900, 900, 22.0, 17.0),
(901, 901, 23.0, 17.0),
(902, 902, 23.0, 17.0),
(903, 903, 23.0, 18.0),
(904, 904, 23.0, 18.0),
(905, 905, 23.0, 18.0),
(906, 906, 23.0, 18.0),
(907, 907, 24.0, 18.0),
(908, 908, 24.0, 18.0),
(909, 909, 24.0, 18.0),
(910, 910, 24.0, 18.0),
(911, 911, 24.0, 18.0),
(912, 912, 24.0, 18.0),
(913, 913, 24.0, 18.0),
(914, 914, 24.0, 18.0),
(915, 915, 24.0, 18.0),
(916, 916, 24.0, 19.0),
(917, 917, 24.0, 19.0),
(918, 918, 24.0, 19.0),
(920, 920, 24.0, 19.0),
(921, 921, 24.0, 20.0),
(922, 922, 24.0, 20.0),
(923, 923, 24.0, 20.0),
(924, 924, 25.0, 20.0),
(925, 925, 0.0, 0.0),
(926, 926, 0.0, 0.0),
(927, 927, 0.0, 0.0),
(928, 928, 0.0, 0.0),
(929, 929, 0.0, 0.0),
(930, 930, 0.0, 0.0),
(931, 931, 1.0, 0.0),
(932, 932, 1.0, 0.0),
(933, 933, 1.0, 1.0),
(934, 934, 1.0, 2.0),
(935, 935, 1.0, 2.0),
(936, 936, 2.0, 2.0),
(937, 937, 2.0, 2.0),
(938, 938, 2.0, 2.0),
(939, 939, 2.0, 2.0),
(940, 940, 2.0, 2.0),
(941, 941, 2.0, 3.0),
(942, 942, 2.0, 3.0),
(943, 943, 2.0, 3.0),
(944, 944, 2.0, 3.0),
(945, 945, 3.0, 3.0),
(946, 946, 3.0, 3.0),
(947, 947, 3.0, 3.0),
(948, 948, 3.0, 3.0),
(949, 949, 3.0, 4.0),
(950, 950, 3.0, 4.0),
(951, 951, 3.0, 4.0),
(952, 952, 4.0, 4.0),
(953, 953, 4.0, 4.0),
(954, 954, 4.0, 4.0),
(955, 955, 4.0, 4.0),
(956, 956, 4.0, 4.0),
(957, 957, 4.0, 4.0),
(958, 958, 4.0, 4.0),
(959, 959, 4.0, 4.0),
(960, 960, 4.0, 4.0),
(961, 961, 4.0, 5.0),
(962, 962, 4.0, 5.0),
(963, 963, 4.0, 5.0),
(965, 965, 4.0, 5.0),
(966, 966, 5.0, 5.0),
(967, 967, 5.0, 5.0),
(968, 968, 6.0, 5.0),
(969, 969, 6.0, 5.0),
(970, 970, 6.0, 5.0),
(971, 971, 6.0, 5.0),
(972, 972, 7.0, 5.0),
(973, 973, 7.0, 5.0),
(974, 974, 8.0, 5.0),
(975, 975, 8.0, 5.0),
(977, 977, 8.0, 5.0),
(978, 978, 8.0, 5.0),
(979, 979, 9.0, 5.0),
(980, 980, 9.0, 5.0),
(981, 981, 9.0, 5.0),
(982, 982, 9.0, 5.0),
(983, 983, 9.0, 5.0),
(985, 985, 9.0, 6.0),
(986, 986, 9.0, 6.0),
(987, 987, 9.0, 7.0),
(988, 988, 9.0, 7.0),
(989, 989, 9.0, 7.0),
(990, 990, 9.0, 7.0),
(992, 992, 9.0, 8.0),
(994, 994, 9.0, 8.0),
(995, 995, 9.0, 8.0),
(996, 996, 10.0, 8.0),
(997, 997, 10.0, 8.0),
(998, 998, 10.0, 8.0),
(999, 999, 10.0, 8.0),
(1000, 1000, 11.0, 8.0),
(1001, 1001, 11.0, 8.0),
(1002, 1002, 11.0, 8.0),
(1003, 1003, 11.0, 8.0),
(1004, 1004, 11.0, 8.0),
(1005, 1005, 11.0, 8.0),
(1006, 1006, 12.0, 8.0),
(1007, 1007, 12.0, 9.0),
(1008, 1008, 12.0, 10.0),
(1009, 1009, 13.0, 10.0),
(1010, 1010, 13.0, 10.0),
(1011, 1011, 14.0, 10.0),
(1012, 1012, 14.0, 10.0),
(1013, 1013, 14.0, 10.0),
(1014, 1014, 14.0, 10.0),
(1015, 1015, 14.0, 10.0),
(1016, 1016, 14.0, 11.0),
(1017, 1017, 14.0, 11.0),
(1018, 1018, 14.0, 11.0),
(1019, 1019, 14.0, 12.0),
(1020, 1020, 14.0, 13.0),
(1021, 1021, 14.0, 13.0),
(1022, 1022, 14.0, 13.0),
(1023, 1023, 15.0, 13.0),
(1024, 1024, 15.0, 13.0),
(1025, 1025, 15.0, 13.0),
(1026, 1026, 15.0, 13.0),
(1027, 1027, 15.0, 13.0),
(1028, 1028, 16.0, 13.0),
(1029, 1029, 16.0, 13.0),
(1030, 1030, 16.0, 13.0),
(1031, 1031, 16.0, 13.0),
(1032, 1032, 16.0, 13.0),
(1033, 1033, 16.0, 13.0),
(1034, 1034, 16.0, 13.0),
(1035, 1035, 16.0, 13.0),
(1036, 1036, 16.0, 13.0),
(1037, 1037, 17.0, 13.0),
(1038, 1038, 18.0, 13.0),
(1039, 1039, 18.0, 13.0),
(1040, 1040, 18.0, 14.0),
(1041, 1041, 18.0, 14.0),
(1042, 1042, 18.0, 14.0),
(1043, 1043, 19.0, 14.0),
(1044, 1044, 19.0, 14.0),
(1045, 1045, 19.0, 15.0),
(1046, 1046, 19.0, 15.0),
(1047, 1047, 19.0, 15.0),
(1048, 1048, 19.0, 15.0),
(1049, 1049, 20.0, 15.0),
(1050, 1050, 20.0, 16.0),
(1051, 1051, 20.0, 16.0),
(1052, 1052, 20.0, 16.0),
(1053, 1053, 21.0, 16.0),
(1054, 1054, 21.0, 16.0),
(1055, 1055, 21.0, 17.0),
(1056, 1056, 21.0, 17.0),
(1057, 1057, 21.0, 17.0),
(1058, 1058, 22.0, 17.0),
(1059, 1059, 22.0, 17.0),
(1060, 1060, 23.0, 17.0),
(1061, 1061, 23.0, 17.0),
(1062, 1062, 24.0, 17.0),
(1063, 1063, 0.0, 0.0),
(1064, 1064, 0.0, 0.0),
(1065, 1065, 0.0, 1.0),
(1066, 1066, 0.0, 1.0),
(1067, 1067, 0.0, 1.0),
(1068, 1068, 1.0, 1.0),
(1069, 1069, 1.0, 1.0),
(1070, 1070, 1.0, 1.0),
(1071, 1071, 1.0, 1.0),
(1072, 1072, 2.0, 1.0),
(1074, 1074, 2.0, 1.0),
(1075, 1075, 3.0, 1.0),
(1076, 1076, 3.0, 1.0),
(1077, 1077, 4.0, 1.0),
(1078, 1078, 4.0, 1.0),
(1080, 1080, 4.0, 1.0),
(1081, 1081, 4.0, 1.0),
(1082, 1082, 4.0, 1.0),
(1083, 1083, 4.0, 1.0),
(1084, 1084, 4.0, 1.0),
(1085, 1085, 4.0, 1.0),
(1087, 1087, 4.0, 1.0),
(1088, 1088, 4.0, 1.0),
(1089, 1089, 4.0, 1.0),
(1090, 1090, 4.0, 1.0),
(1091, 1091, 5.0, 1.0),
(1092, 1092, 5.0, 1.0),
(1093, 1093, 5.0, 1.0),
(1094, 1094, 6.0, 1.0),
(1095, 1095, 7.0, 1.0),
(1096, 1096, 7.0, 1.0),
(1097, 1097, 8.0, 1.0),
(1098, 1098, 8.0, 1.0),
(1099, 1099, 9.0, 1.0),
(1100, 1100, 9.0, 1.0),
(1101, 1101, 9.0, 2.0),
(1102, 1102, 9.0, 3.0),
(1103, 1103, 10.0, 3.0),
(1104, 1104, 10.0, 3.0),
(1105, 1105, 10.0, 3.0),
(1106, 1106, 10.0, 3.0),
(1107, 1107, 10.0, 3.0),
(1108, 1108, 10.0, 3.0),
(1109, 1109, 11.0, 3.0),
(1110, 1110, 11.0, 3.0),
(1111, 1111, 11.0, 4.0),
(1112, 1112, 11.0, 4.0),
(1113, 1113, 11.0, 4.0),
(1114, 1114, 11.0, 5.0),
(1115, 1115, 11.0, 5.0),
(1116, 1116, 11.0, 5.0),
(1117, 1117, 12.0, 5.0),
(1118, 1118, 12.0, 5.0),
(1120, 1120, 13.0, 5.0),
(1121, 1121, 13.0, 5.0),
(1122, 1122, 14.0, 5.0),
(1123, 1123, 14.0, 5.0),
(1124, 1124, 14.0, 6.0),
(1125, 1125, 15.0, 6.0),
(1126, 1126, 15.0, 6.0),
(1127, 1127, 15.0, 6.0),
(1128, 1128, 15.0, 6.0),
(1129, 1129, 16.0, 6.0),
(1130, 1130, 16.0, 6.0),
(1131, 1131, 17.0, 6.0),
(1132, 1132, 17.0, 6.0),
(1133, 1133, 17.0, 6.0),
(1134, 1134, 17.0, 7.0),
(1135, 1135, 17.0, 7.0),
(1136, 1136, 17.0, 7.0),
(1137, 1137, 17.0, 8.0),
(1138, 1138, 17.0, 8.0),
(1139, 1139, 17.0, 8.0),
(1140, 1140, 17.0, 8.0),
(1141, 1141, 17.0, 8.0),
(1142, 1142, 17.0, 9.0),
(1143, 1143, 17.0, 9.0),
(1144, 1144, 17.0, 9.0),
(1145, 1145, 18.0, 9.0),
(1146, 1146, 18.0, 9.0),
(1147, 1147, 18.0, 9.0),
(1148, 1148, 18.0, 9.0),
(1149, 1149, 18.0, 10.0),
(1150, 1150, 18.0, 10.0),
(1151, 1151, 18.0, 10.0),
(1152, 1152, 18.0, 10.0),
(1153, 1153, 18.0, 10.0),
(1154, 1154, 18.0, 10.0),
(1156, 1156, 18.0, 10.0),
(1157, 1157, 18.0, 10.0),
(1158, 1158, 18.0, 10.0),
(1159, 1159, 19.0, 10.0),
(1160, 1160, 19.0, 10.0),
(1161, 1161, 19.0, 11.0),
(1162, 1162, 19.0, 11.0),
(1163, 1163, 19.0, 11.0),
(1165, 1165, 20.0, 11.0),
(1166, 1166, 20.0, 11.0),
(1167, 1167, 20.0, 11.0),
(1168, 1168, 20.0, 11.0),
(1169, 1169, 20.0, 11.0),
(1170, 1170, 20.0, 11.0),
(1171, 1171, 20.0, 11.0),
(1172, 1172, 20.0, 11.0),
(1173, 1173, 20.0, 12.0),
(1174, 1174, 20.0, 12.0),
(1175, 1175, 20.0, 12.0),
(1176, 1176, 20.0, 12.0),
(1177, 1177, 20.0, 12.0),
(1178, 1178, 20.0, 12.0),
(1179, 1179, 21.0, 12.0),
(1180, 1180, 21.0, 12.0),
(1181, 1181, 21.0, 12.0),
(1182, 1182, 21.0, 12.0),
(1183, 1183, 22.0, 12.0),
(1184, 1184, 23.0, 12.0),
(1185, 1185, 23.0, 13.0),
(1186, 1186, 23.0, 13.0),
(1187, 1187, 23.0, 13.0),
(1188, 1188, 24.0, 13.0),
(1189, 1189, 24.0, 13.0),
(1190, 1190, 24.0, 13.0),
(1191, 1191, 24.0, 13.0),
(1192, 1192, 24.0, 13.0),
(1193, 1193, 24.0, 14.0),
(1194, 1194, 24.0, 14.0),
(1195, 1195, 24.0, 14.0),
(1196, 1196, 24.0, 14.0),
(1197, 1197, 25.0, 14.0),
(1198, 1198, 25.0, 14.0),
(1199, 1199, 25.0, 14.0),
(1200, 1200, 25.0, 14.0),
(1201, 1201, 25.0, 14.0),
(1202, 1202, 25.0, 14.0),
(1203, 1203, 25.0, 14.0),
(1204, 1204, 25.0, 15.0),
(1205, 1205, 25.0, 15.0),
(1206, 1206, 25.0, 15.0),
(1207, 1207, 25.0, 15.0),
(1210, 1210, 25.0, 16.0),
(1211, 1211, 25.0, 16.0),
(1212, 1212, 25.0, 16.0),
(1213, 1213, 25.0, 16.0),
(1214, 1214, 25.0, 17.0),
(1215, 1215, 25.0, 17.0),
(1216, 1216, 25.0, 17.0),
(1217, 1217, 25.0, 17.0),
(1218, 1218, 25.0, 18.0),
(1219, 1219, 25.0, 18.0),
(1220, 1220, 25.0, 18.0),
(1221, 1221, 25.0, 18.0),
(1222, 1222, 25.0, 18.0),
(1223, 1223, 25.0, 18.0),
(1224, 1224, 26.0, 18.0),
(1225, 1225, 26.0, 18.0),
(1226, 1226, 26.0, 18.0),
(1227, 1227, 26.0, 18.0),
(1228, 1228, 27.0, 18.0),
(1229, 1229, 0.0, 0.0),
(1232, 1232, 1.0, 0.0),
(1233, 1233, 1.0, 0.0),
(1234, 1234, 1.0, 0.0),
(1235, 1235, 1.0, 1.0),
(1237, 1237, 1.0, 1.0),
(1238, 1238, 1.0, 1.0),
(1239, 1239, 1.0, 1.0),
(1240, 1240, 1.0, 2.0),
(1241, 1241, 1.0, 2.0),
(1242, 1242, 1.0, 2.0),
(1243, 1243, 2.0, 2.0),
(1244, 1244, 2.0, 2.0),
(1245, 1245, 2.0, 3.0),
(1246, 1246, 3.0, 3.0),
(1247, 1247, 3.0, 3.0),
(1248, 1248, 4.0, 3.0),
(1249, 1249, 4.0, 3.0),
(1250, 1250, 5.0, 3.0),
(1251, 1251, 5.0, 3.0),
(1252, 1252, 5.0, 3.0),
(1253, 1253, 6.0, 3.0),
(1254, 1254, 6.0, 3.0),
(1255, 1255, 7.0, 3.0),
(1256, 1256, 7.0, 3.0),
(1257, 1257, 8.0, 3.0),
(1258, 1258, 8.0, 3.0),
(1259, 1259, 8.0, 4.0),
(1260, 1260, 8.0, 4.0),
(1261, 1261, 8.0, 4.0),
(1262, 1262, 8.0, 4.0),
(1263, 1263, 8.0, 4.0),
(1264, 1264, 8.0, 4.0),
(1265, 1265, 8.0, 4.0),
(1266, 1266, 8.0, 4.0),
(1267, 1267, 8.0, 4.0),
(1268, 1268, 9.0, 4.0),
(1269, 1269, 9.0, 4.0),
(1270, 1270, 9.0, 4.0),
(1271, 1271, 9.0, 4.0),
(1272, 1272, 10.0, 4.0),
(1273, 1273, 10.0, 4.0),
(1274, 1274, 10.0, 5.0),
(1275, 1275, 10.0, 5.0),
(1276, 1276, 10.0, 5.0),
(1277, 1277, 10.0, 5.0),
(1278, 1278, 10.0, 5.0),
(1279, 1279, 10.0, 6.0),
(1280, 1280, 10.0, 6.0),
(1281, 1281, 10.0, 6.0),
(1282, 1282, 10.0, 6.0),
(1283, 1283, 10.0, 6.0),
(1284, 1284, 10.0, 6.0),
(1285, 1285, 10.0, 6.0),
(1286, 1286, 10.0, 6.0),
(1287, 1287, 10.0, 6.0),
(1288, 1288, 10.0, 6.0),
(1289, 1289, 10.0, 6.0),
(1290, 1290, 10.0, 7.0),
(1291, 1291, 10.0, 7.0),
(1292, 1292, 10.0, 7.0),
(1293, 1293, 11.0, 7.0),
(1294, 1294, 11.0, 7.0),
(1295, 1295, 11.0, 7.0),
(1296, 1296, 11.0, 7.0),
(1297, 1297, 11.0, 7.0),
(1298, 1298, 11.0, 8.0),
(1299, 1299, 12.0, 8.0),
(1300, 1300, 12.0, 8.0),
(1302, 1302, 12.0, 8.0),
(1303, 1303, 12.0, 8.0),
(1304, 1304, 12.0, 8.0),
(1305, 1305, 12.0, 8.0),
(1306, 1306, 12.0, 8.0),
(1307, 1307, 12.0, 9.0),
(1308, 1308, 13.0, 9.0),
(1309, 1309, 13.0, 9.0),
(1310, 1310, 13.0, 9.0),
(1311, 1311, 13.0, 9.0),
(1312, 1312, 14.0, 9.0),
(1313, 1313, 14.0, 9.0),
(1314, 1314, 14.0, 9.0),
(1315, 1315, 14.0, 9.0),
(1316, 1316, 14.0, 9.0),
(1317, 1317, 14.0, 9.0),
(1318, 1318, 14.0, 10.0),
(1319, 1319, 14.0, 10.0),
(1320, 1320, 14.0, 11.0),
(1322, 1322, 14.0, 12.0),
(1323, 1323, 14.0, 13.0),
(1324, 1324, 14.0, 14.0),
(1325, 1325, 14.0, 14.0),
(1326, 1326, 14.0, 14.0),
(1327, 1327, 15.0, 14.0),
(1328, 1328, 15.0, 14.0),
(1329, 1329, 15.0, 14.0),
(1330, 1330, 15.0, 14.0),
(1331, 1331, 16.0, 14.0),
(1332, 1332, 16.0, 14.0),
(1334, 1334, 17.0, 14.0),
(1335, 1335, 17.0, 14.0),
(1336, 1336, 17.0, 15.0),
(1337, 1337, 17.0, 15.0),
(1338, 1338, 17.0, 15.0),
(1339, 1339, 17.0, 16.0),
(1340, 1340, 17.0, 17.0),
(1341, 1341, 17.0, 17.0),
(1342, 1342, 17.0, 17.0),
(1343, 1343, 17.0, 17.0),
(1344, 1344, 17.0, 18.0),
(1345, 1345, 17.0, 18.0),
(1346, 1346, 17.0, 18.0),
(1347, 1347, 18.0, 18.0),
(1348, 1348, 18.0, 18.0),
(1349, 1349, 18.0, 19.0),
(1350, 1350, 18.0, 19.0),
(1351, 1351, 18.0, 19.0),
(1352, 1352, 19.0, 19.0),
(1353, 1353, 19.0, 19.0),
(1357, 1357, 19.0, 19.0),
(1358, 1358, 19.0, 19.0),
(1359, 1359, 19.0, 19.0),
(1360, 1360, 20.0, 19.0),
(1361, 1361, 20.0, 19.0),
(1362, 1362, 20.0, 19.0),
(1363, 1363, 20.0, 19.0),
(1364, 1364, 20.0, 19.0),
(1365, 1365, 20.0, 19.0),
(1366, 1366, 20.0, 19.0),
(1367, 1367, 20.0, 19.0),
(1368, 1368, 20.0, 19.0),
(1369, 1369, 20.0, 19.0),
(1370, 1370, 20.0, 19.0),
(1371, 1371, 20.0, 19.0),
(1372, 1372, 20.0, 19.0),
(1373, 1373, 20.0, 19.0),
(1374, 1374, 20.0, 20.0),
(1375, 1375, 20.0, 20.0),
(1376, 1376, 20.0, 20.0),
(1377, 1377, 20.0, 20.0),
(1378, 1378, 20.0, 21.0),
(1379, 1379, 20.0, 21.0),
(1380, 1380, 20.0, 21.0),
(1381, 1381, 20.0, 21.0),
(1382, 1382, 20.0, 21.0),
(1383, 1383, 20.0, 21.0),
(1384, 1384, 20.0, 21.0),
(1385, 1385, 21.0, 21.0),
(1386, 1386, 21.0, 21.0),
(1387, 1387, 21.0, 22.0),
(1388, 1388, 21.0, 22.0),
(1389, 1389, 21.0, 22.0),
(1390, 1390, 22.0, 22.0),
(1391, 1391, 22.0, 22.0),
(1392, 1392, 22.0, 22.0),
(1393, 1393, 23.0, 22.0),
(1394, 1394, 23.0, 22.0),
(1395, 1395, 24.0, 22.0),
(1396, 1396, 24.0, 22.0),
(1397, 1397, 24.0, 22.0),
(1398, 1398, 24.0, 22.0),
(1399, 1399, 24.0, 22.0),
(1400, 1400, 24.0, 22.0),
(1401, 1401, 24.0, 22.0),
(1402, 1402, 25.0, 22.0),
(1403, 1403, 0.0, 0.0),
(1404, 1404, 1.0, 0.0),
(1405, 1405, 2.0, 0.0),
(1406, 1406, 2.0, 0.0),
(1407, 1407, 2.0, 0.0),
(1408, 1408, 2.0, 0.0),
(1409, 1409, 3.0, 0.0),
(1410, 1410, 4.0, 0.0),
(1411, 1411, 4.0, 0.0),
(1412, 1412, 5.0, 0.0),
(1413, 1413, 5.0, 0.0),
(1414, 1414, 5.0, 0.0),
(1415, 1415, 5.0, 0.0),
(1416, 1416, 5.0, 1.0),
(1417, 1417, 5.0, 1.0),
(1418, 1418, 5.0, 1.0),
(1419, 1419, 5.0, 2.0),
(1420, 1420, 5.0, 2.0),
(1421, 1421, 5.0, 2.0),
(1422, 1422, 6.0, 2.0),
(1423, 1423, 6.0, 2.0),
(1424, 1424, 7.0, 2.0),
(1425, 1425, 7.0, 2.0),
(1426, 1426, 7.0, 2.0),
(1427, 1427, 7.0, 2.0),
(1428, 1428, 7.0, 3.0),
(1429, 1429, 7.0, 3.0),
(1430, 1430, 7.0, 3.0),
(1431, 1431, 7.0, 3.0),
(1432, 1432, 7.0, 3.0),
(1433, 1433, 7.0, 4.0),
(1434, 1434, 7.0, 4.0),
(1435, 1435, 7.0, 4.0),
(1436, 1436, 7.0, 4.0),
(1437, 1437, 7.0, 4.0),
(1438, 1438, 7.0, 4.0),
(1439, 1439, 7.0, 4.0),
(1440, 1440, 7.0, 4.0),
(1441, 1441, 7.0, 5.0),
(1442, 1442, 7.0, 5.0),
(1443, 1443, 7.0, 5.0),
(1444, 1444, 7.0, 5.0),
(1445, 1445, 7.0, 5.0),
(1446, 1446, 7.0, 5.0),
(1447, 1447, 7.0, 5.0),
(1448, 1448, 7.0, 5.0),
(1449, 1449, 7.0, 5.0),
(1450, 1450, 7.0, 6.0),
(1451, 1451, 8.0, 6.0),
(1452, 1452, 8.0, 6.0),
(1453, 1453, 8.0, 6.0),
(1454, 1454, 8.0, 6.0),
(1455, 1455, 8.0, 6.0),
(1456, 1456, 8.0, 6.0),
(1457, 1457, 8.0, 6.0),
(1458, 1458, 9.0, 6.0),
(1459, 1459, 9.0, 6.0),
(1460, 1460, 9.0, 6.0),
(1461, 1461, 9.0, 6.0),
(1462, 1462, 9.0, 6.0),
(1463, 1463, 9.0, 6.0),
(1464, 1464, 9.0, 6.0),
(1465, 1465, 10.0, 6.0),
(1466, 1466, 10.0, 6.0),
(1467, 1467, 10.0, 6.0),
(1468, 1468, 10.0, 6.0),
(1469, 1469, 11.0, 6.0),
(1470, 1470, 12.0, 6.0),
(1471, 1471, 12.0, 6.0),
(1472, 1472, 12.0, 6.0),
(1473, 1473, 12.0, 6.0),
(1474, 1474, 12.0, 6.0),
(1475, 1475, 12.0, 6.0),
(1476, 1476, 12.0, 6.0),
(1477, 1477, 12.0, 7.0),
(1478, 1478, 12.0, 7.0),
(1479, 1479, 12.0, 7.0),
(1480, 1480, 13.0, 7.0),
(1481, 1481, 13.0, 7.0),
(1483, 1483, 13.0, 7.0),
(1484, 1484, 13.0, 7.0),
(1485, 1485, 13.0, 7.0),
(1486, 1486, 14.0, 7.0),
(1487, 1487, 14.0, 7.0),
(1488, 1488, 14.0, 7.0),
(1489, 1489, 14.0, 7.0),
(1490, 1490, 14.0, 7.0),
(1491, 1491, 14.0, 7.0),
(1492, 1492, 14.0, 7.0),
(1493, 1493, 14.0, 7.0),
(1494, 1494, 15.0, 7.0),
(1495, 1495, 15.0, 7.0),
(1496, 1496, 15.0, 7.0),
(1497, 1497, 15.0, 7.0),
(1498, 1498, 15.0, 7.0),
(1499, 1499, 15.0, 7.0),
(1500, 1500, 15.0, 7.0),
(1501, 1501, 15.0, 7.0),
(1502, 1502, 15.0, 8.0),
(1503, 1503, 15.0, 8.0),
(1504, 1504, 15.0, 8.0),
(1505, 1505, 15.0, 8.0),
(1506, 1506, 15.0, 8.0),
(1507, 1507, 16.0, 8.0),
(1509, 1509, 16.0, 8.0),
(1510, 1510, 17.0, 8.0),
(1511, 1511, 17.0, 9.0),
(1512, 1512, 17.0, 9.0),
(1513, 1513, 17.0, 9.0),
(1514, 1514, 18.0, 9.0),
(1515, 1515, 18.0, 9.0),
(1516, 1516, 18.0, 9.0),
(1517, 1517, 18.0, 9.0),
(1518, 1518, 18.0, 9.0),
(1519, 1519, 19.0, 9.0),
(1520, 1520, 19.0, 9.0),
(1521, 1521, 19.0, 10.0),
(1522, 1522, 19.0, 10.0),
(1523, 1523, 19.0, 10.0),
(1524, 1524, 19.0, 10.0),
(1525, 1525, 19.0, 10.0),
(1526, 1526, 19.0, 10.0),
(1527, 1527, 19.0, 10.0),
(1528, 1528, 19.0, 10.0),
(1529, 1529, 19.0, 10.0),
(1530, 1530, 19.0, 10.0),
(1531, 1531, 19.0, 10.0),
(1532, 1532, 19.0, 10.0),
(1533, 1533, 19.0, 10.0),
(1534, 1534, 19.0, 10.0),
(1535, 1535, 20.0, 10.0),
(1536, 1536, 20.0, 10.0),
(1537, 1537, 20.0, 10.0),
(1538, 1538, 20.0, 10.0),
(1540, 1540, 20.0, 11.0),
(1541, 1541, 20.0, 11.0),
(1542, 1542, 20.0, 11.0),
(1545, 1545, 20.0, 11.0),
(1546, 1546, 21.0, 11.0),
(1547, 1547, 21.0, 11.0),
(1548, 1548, 21.0, 11.0),
(1549, 1549, 21.0, 11.0),
(1550, 1550, 21.0, 11.0),
(1551, 1551, 21.0, 11.0),
(1552, 1552, 21.0, 11.0),
(1553, 1553, 21.0, 12.0),
(1554, 1554, 21.0, 12.0),
(1555, 1555, 21.0, 12.0),
(1556, 1556, 21.0, 12.0),
(1558, 1558, 21.0, 13.0),
(1559, 1559, 21.0, 13.0),
(1560, 1560, 21.0, 14.0),
(1561, 1561, 22.0, 14.0),
(1562, 1562, 22.0, 14.0),
(1563, 1563, 22.0, 14.0),
(1564, 1564, 22.0, 14.0),
(1565, 1565, 22.0, 14.0),
(1566, 1566, 22.0, 14.0),
(1567, 1567, 22.0, 14.0),
(1568, 1568, 22.0, 14.0),
(1569, 1569, 22.0, 15.0),
(1570, 1570, 22.0, 16.0),
(1571, 1571, 22.0, 16.0),
(1572, 1572, 22.0, 16.0),
(1573, 1573, 22.0, 16.0),
(1574, 1574, 22.0, 16.0),
(1575, 1575, 22.0, 16.0),
(1576, 1576, 22.0, 16.0),
(1577, 1577, 22.0, 16.0),
(1578, 1578, 22.0, 16.0),
(1579, 1579, 22.0, 17.0),
(1580, 1580, 23.0, 17.0),
(1581, 1581, 23.0, 17.0),
(1582, 1582, 23.0, 17.0),
(1583, 1583, 23.0, 17.0),
(1584, 1584, 24.0, 17.0),
(1585, 1585, 24.0, 17.0),
(1586, 1586, 24.0, 17.0),
(1587, 1587, 24.0, 17.0),
(1588, 1588, 24.0, 17.0),
(1589, 1589, 24.0, 17.0),
(1590, 1590, 25.0, 17.0),
(1591, 1591, 1.0, 0.0),
(1592, 1592, 1.0, 0.0),
(1593, 1593, 1.0, 0.0),
(1594, 1594, 1.0, 1.0),
(1595, 1595, 1.0, 1.0),
(1596, 1596, 1.0, 1.0),
(1597, 1597, 1.0, 2.0),
(1598, 1598, 1.0, 2.0),
(1599, 1599, 1.0, 2.0),
(1600, 1600, 1.0, 2.0),
(1601, 1601, 2.0, 2.0),
(1602, 1602, 2.0, 2.0),
(1603, 1603, 3.0, 2.0),
(1604, 1604, 3.0, 2.0),
(1605, 1605, 3.0, 2.0),
(1606, 1606, 3.0, 2.0),
(1607, 1607, 3.0, 3.0),
(1608, 1608, 3.0, 3.0),
(1609, 1609, 3.0, 3.0),
(1610, 1610, 3.0, 3.0),
(1611, 1611, 3.0, 3.0),
(1612, 1612, 3.0, 3.0),
(1613, 1613, 3.0, 3.0),
(1614, 1614, 4.0, 3.0),
(1615, 1615, 4.0, 3.0),
(1616, 1616, 4.0, 3.0),
(1618, 1618, 4.0, 3.0),
(1619, 1619, 4.0, 3.0),
(1621, 1621, 4.0, 3.0),
(1622, 1622, 4.0, 3.0),
(1623, 1623, 4.0, 3.0),
(1624, 1624, 4.0, 3.0),
(1625, 1625, 4.0, 3.0),
(1626, 1626, 4.0, 3.0),
(1627, 1627, 4.0, 3.0),
(1628, 1628, 4.0, 3.0),
(1629, 1629, 4.0, 3.0),
(1630, 1630, 4.0, 4.0),
(1631, 1631, 5.0, 4.0),
(1632, 1632, 5.0, 4.0),
(1633, 1633, 6.0, 4.0),
(1634, 1634, 6.0, 5.0),
(1635, 1635, 6.0, 5.0),
(1637, 1637, 6.0, 5.0),
(1638, 1638, 6.0, 5.0),
(1639, 1639, 7.0, 5.0),
(1640, 1640, 7.0, 5.0),
(1641, 1641, 8.0, 5.0),
(1642, 1642, 8.0, 6.0),
(1643, 1643, 8.0, 6.0),
(1644, 1644, 8.0, 6.0),
(1645, 1645, 8.0, 6.0),
(1646, 1646, 8.0, 6.0),
(1647, 1647, 8.0, 6.0),
(1648, 1648, 8.0, 6.0),
(1649, 1649, 8.0, 6.0),
(1650, 1650, 8.0, 6.0),
(1651, 1651, 9.0, 6.0),
(1652, 1652, 10.0, 6.0),
(1653, 1653, 10.0, 7.0),
(1654, 1654, 10.0, 7.0),
(1655, 1655, 10.0, 7.0),
(1656, 1656, 10.0, 8.0),
(1657, 1657, 11.0, 8.0),
(1658, 1658, 11.0, 8.0),
(1659, 1659, 11.0, 8.0),
(1660, 1660, 11.0, 9.0),
(1661, 1661, 11.0, 9.0),
(1662, 1662, 11.0, 9.0),
(1664, 1664, 11.0, 9.0),
(1665, 1665, 11.0, 9.0),
(1666, 1666, 11.0, 9.0),
(1667, 1667, 11.0, 9.0),
(1668, 1668, 11.0, 9.0),
(1669, 1669, 11.0, 9.0),
(1670, 1670, 11.0, 9.0),
(1671, 1671, 12.0, 9.0),
(1672, 1672, 13.0, 9.0),
(1673, 1673, 13.0, 10.0),
(1674, 1674, 13.0, 10.0),
(1675, 1675, 13.0, 10.0),
(1676, 1676, 14.0, 10.0),
(1677, 1677, 14.0, 10.0),
(1678, 1678, 14.0, 10.0),
(1679, 1679, 14.0, 10.0),
(1680, 1680, 14.0, 10.0),
(1681, 1681, 14.0, 10.0),
(1682, 1682, 14.0, 10.0),
(1683, 1683, 14.0, 11.0),
(1684, 1684, 14.0, 11.0),
(1685, 1685, 14.0, 11.0),
(1686, 1686, 14.0, 11.0),
(1687, 1687, 14.0, 12.0),
(1688, 1688, 14.0, 13.0),
(1689, 1689, 14.0, 14.0),
(1690, 1690, 14.0, 14.0),
(1691, 1691, 14.0, 14.0),
(1692, 1692, 15.0, 14.0),
(1693, 1693, 1.0, 0.0),
(1694, 1694, 15.0, 14.0),
(1725, 1725, 16.0, 14.0),
(1726, 1726, 16.0, 14.0),
(1727, 1727, 16.0, 14.0),
(1728, 1728, 16.0, 14.0),
(1729, 1729, 16.0, 14.0),
(1730, 1730, 16.0, 14.0),
(1731, 1731, 16.0, 14.0),
(1732, 1732, 16.0, 14.0),
(1733, 1733, 16.0, 15.0),
(1734, 1734, 17.0, 15.0),
(1735, 1735, 17.0, 15.0),
(1736, 1736, 17.0, 16.0),
(1737, 1737, 17.0, 16.0),
(1738, 1738, 17.0, 16.0),
(1739, 1739, 17.0, 16.0),
(1740, 1740, 17.0, 16.0),
(1741, 1741, 17.0, 16.0),
(1742, 1742, 17.0, 16.0),
(1743, 1743, 18.0, 16.0),
(1744, 1744, 18.0, 16.0),
(1745, 1745, 18.0, 16.0),
(1746, 1746, 18.0, 16.0),
(1747, 1747, 18.0, 16.0),
(1748, 1748, 18.0, 16.0),
(1749, 1749, 18.0, 16.0),
(1750, 1750, 18.0, 16.0),
(1751, 1751, 18.0, 16.0),
(1752, 1752, 19.0, 16.0),
(1753, 1753, 19.0, 16.0),
(1754, 1754, 20.0, 16.0),
(1755, 1755, 20.0, 16.0),
(1756, 1756, 20.0, 16.0),
(1757, 1757, 20.0, 16.0),
(1758, 1758, 21.0, 16.0),
(1759, 1759, 21.0, 17.0),
(1760, 1760, 21.0, 17.0),
(1761, 1761, 21.0, 17.0),
(1762, 1762, 21.0, 17.0),
(1763, 1763, 21.0, 17.0),
(1764, 1764, 21.0, 17.0),
(1765, 1765, 21.0, 17.0),
(1766, 1766, 21.0, 17.0),
(1767, 1767, 21.0, 17.0),
(1768, 1768, 21.0, 17.0),
(1769, 1769, 21.0, 17.0),
(1770, 1770, 22.0, 17.0),
(1771, 1771, 22.0, 17.0),
(1772, 1772, 23.0, 17.0),
(1773, 1773, 23.0, 18.0),
(1774, 1774, 23.0, 18.0),
(1775, 1775, 23.0, 18.0),
(1776, 1776, 23.0, 19.0),
(1777, 1777, 23.0, 19.0),
(1778, 1778, 23.0, 19.0),
(1779, 1779, 23.0, 19.0),
(1780, 1780, 23.0, 19.0),
(1781, 1781, 23.0, 19.0),
(1782, 1782, 23.0, 19.0),
(1783, 1783, 23.0, 19.0),
(1784, 1784, 24.0, 19.0),
(1785, 1785, 24.0, 20.0),
(1786, 1786, 24.0, 21.0),
(1787, 1787, 24.0, 21.0),
(1788, 1788, 24.0, 21.0),
(1789, 1789, 24.0, 21.0),
(1790, 1790, 24.0, 21.0),
(1791, 1791, 24.0, 21.0),
(1792, 1792, 25.0, 21.0),
(1793, 1793, 1.0, 0.0),
(1794, 1794, 2.0, 0.0),
(1795, 1795, 2.0, 1.0),
(1796, 1796, 2.0, 1.0),
(1797, 1797, 2.0, 1.0),
(1798, 1798, 2.0, 1.0),
(1799, 1799, 2.0, 1.0),
(1800, 1800, 2.0, 1.0),
(1801, 1801, 2.0, 1.0),
(1802, 1802, 2.0, 1.0),
(1803, 1803, 2.0, 1.0),
(1804, 1804, 2.0, 1.0),
(1805, 1805, 2.0, 1.0),
(1806, 1806, 2.0, 1.0),
(1807, 1807, 2.0, 1.0),
(1808, 1808, 2.0, 1.0),
(1809, 1809, 2.0, 1.0),
(1810, 1810, 2.0, 1.0),
(1811, 1811, 2.0, 1.0),
(1812, 1812, 2.0, 1.0),
(1813, 1813, 2.0, 1.0),
(1814, 1814, 2.0, 1.0),
(1815, 1815, 3.0, 1.0),
(1816, 1816, 3.0, 2.0),
(1817, 1817, 3.0, 3.0),
(1818, 1818, 3.0, 3.0),
(1819, 1819, 3.0, 4.0),
(1820, 1820, 4.0, 4.0),
(1822, 1822, 4.0, 4.0),
(1823, 1823, 4.0, 4.0),
(1824, 1824, 4.0, 4.0),
(1825, 1825, 4.0, 4.0),
(1826, 1826, 4.0, 4.0),
(1827, 1827, 4.0, 4.0),
(1828, 1828, 4.0, 4.0),
(1829, 1829, 4.0, 4.0),
(1830, 1830, 5.0, 4.0),
(1831, 1831, 5.0, 4.0),
(1832, 1832, 6.0, 4.0),
(1833, 1833, 6.0, 4.0),
(1834, 1834, 6.0, 4.0),
(1835, 1835, 6.0, 4.0),
(1836, 1836, 7.0, 4.0),
(1837, 1837, 7.0, 5.0),
(1838, 1838, 8.0, 5.0),
(1839, 1839, 9.0, 5.0),
(1840, 1840, 9.0, 5.0),
(1841, 1841, 9.0, 5.0),
(1842, 1842, 9.0, 5.0),
(1843, 1843, 9.0, 6.0),
(1845, 1845, 9.0, 7.0),
(1846, 1846, 9.0, 7.0),
(1847, 1847, 9.0, 7.0),
(1848, 1848, 10.0, 7.0),
(1849, 1849, 10.0, 7.0),
(1850, 1850, 11.0, 7.0),
(1851, 1851, 11.0, 8.0),
(1852, 1852, 11.0, 8.0),
(1853, 1853, 11.0, 8.0),
(1854, 1854, 11.0, 8.0),
(1855, 1855, 11.0, 9.0),
(1856, 1856, 11.0, 9.0),
(1857, 1857, 11.0, 9.0),
(1858, 1858, 12.0, 9.0),
(1859, 1859, 12.0, 9.0),
(1860, 1860, 12.0, 9.0),
(1861, 1861, 12.0, 9.0),
(1862, 1862, 12.0, 9.0),
(1863, 1863, 12.0, 9.0),
(1864, 1864, 12.0, 9.0),
(1865, 1865, 13.0, 9.0),
(1866, 1866, 13.0, 9.0),
(1867, 1867, 13.0, 9.0),
(1869, 1869, 13.0, 9.0),
(1870, 1870, 13.0, 9.0),
(1871, 1871, 13.0, 9.0),
(1872, 1872, 14.0, 9.0),
(1873, 1873, 14.0, 10.0),
(1874, 1874, 14.0, 10.0),
(1875, 1875, 14.0, 10.0),
(1876, 1876, 14.0, 10.0),
(1877, 1877, 14.0, 10.0),
(1878, 1878, 14.0, 10.0),
(1879, 1879, 15.0, 10.0),
(1880, 1880, 16.0, 10.0),
(1881, 1881, 16.0, 10.0),
(1882, 1882, 16.0, 10.0),
(1883, 1883, 17.0, 10.0),
(1884, 1884, 17.0, 10.0),
(1885, 1885, 17.0, 10.0),
(1886, 1886, 17.0, 10.0),
(1887, 1887, 17.0, 10.0),
(1888, 1888, 17.0, 10.0),
(1889, 1889, 17.0, 10.0),
(1890, 1890, 18.0, 10.0),
(1891, 1891, 18.0, 10.0),
(1892, 1892, 19.0, 10.0),
(1893, 1893, 19.0, 10.0),
(1894, 1894, 20.0, 10.0),
(1895, 1895, 20.0, 10.0),
(1896, 1896, 21.0, 10.0),
(1897, 1897, 21.0, 10.0),
(1898, 1898, 22.0, 10.0),
(1899, 1899, 22.0, 10.0),
(1900, 1900, 22.0, 10.0),
(1901, 1901, 22.0, 11.0),
(1902, 1902, 22.0, 11.0),
(1903, 1903, 23.0, 11.0),
(1904, 1904, 23.0, 11.0),
(1905, 1905, 24.0, 11.0),
(1906, 1906, 24.0, 12.0),
(1907, 1907, 24.0, 12.0),
(1909, 1909, 24.0, 13.0),
(1910, 1910, 25.0, 13.0);

-- --------------------------------------------------------

--
-- 資料表結構 `sets`
--

CREATE TABLE `sets` (
  `sid` int(255) NOT NULL,
  `mid` int(255) NOT NULL,
  `setNo` int(255) NOT NULL,
  `points` int(255) NOT NULL
) ENGINE=InnoDB DEFAULT CHARSET=utf8mb4 COLLATE=utf8mb4_general_ci;

--
-- 傾印資料表的資料 `sets`
--

INSERT INTO `sets` (`sid`, `mid`, `setNo`, `points`) VALUES
(20, 55, 1, 25),
(21, 57, 1, 25),
(22, 57, 2, 25),
(23, 55, 2, 25),
(24, 55, 3, 15),
(25, 58, 1, 25),
(26, 59, 1, 21),
(27, 59, 2, 21),
(28, 62, 1, 25),
(29, 62, 2, 25),
(30, 62, 3, 25),
(31, 62, 4, 25),
(32, 62, 5, 25),
(35, 64, 1, 25),
(37, 64, 2, 25),
(38, 52, 1, 25),
(39, 64, 3, 25),
(40, 64, 4, 25),
(41, 64, 5, 25),
(42, 64, 6, 25),
(43, 64, 7, 25),
(44, 63, 1, 25),
(45, 63, 2, 25),
(46, 63, 3, 25),
(47, 63, 4, 25),
(48, 63, 5, 25),
(49, 66, 1, 25),
(50, 66, 2, 25),
(51, 66, 3, 25),
(52, 66, 4, 25),
(53, 66, 5, 25),
(54, 69, 1, 25),
(55, 69, 2, 25),
(56, 69, 3, 25),
(57, 69, 4, 25),
(58, 69, 5, 25),
(60, 69, 6, 25),
(61, 69, 7, 25),
(62, 69, 8, 25),
(63, 69, 9, 25),
(64, 69, 10, 25);

-- --------------------------------------------------------

--
-- 資料表結構 `team`
--

CREATE TABLE `team` (
  `tid` int(255) NOT NULL,
  `tname` varchar(255) NOT NULL,
  `acid` int(255) NOT NULL
) ENGINE=InnoDB DEFAULT CHARSET=utf8mb4 COLLATE=utf8mb4_general_ci;

--
-- 傾印資料表的資料 `team`
--

INSERT INTO `team` (`tid`, `tname`, `acid`) VALUES
(1, 'DF', 1),
(15, 'Tygan Testing Team', 1),
(17, '庭木', 1),
(18, '青華', 1),
(20, '掌心雷', 1),
(21, '暉蕎', 1),
(22, 'Benny\'s Team', 1),
(23, 'Azure', 2),
(24, 'Joint Force', 2),
(26, 'Youth Dragon', 1),
(27, '雨葉', 2),
(28, '兆龍', 2);

--
-- 已傾印資料表的索引
--

--
-- 資料表索引 `accounts`
--
ALTER TABLE `accounts`
  ADD PRIMARY KEY (`acid`);

--
-- 資料表索引 `action`
--
ALTER TABLE `action`
  ADD PRIMARY KEY (`aid`);

--
-- 資料表索引 `matches`
--
ALTER TABLE `matches`
  ADD PRIMARY KEY (`mid`),
  ADD KEY `fk_team_tid` (`tid`),
  ADD KEY `fk_accounts_acid` (`acid`);

--
-- 資料表索引 `player`
--
ALTER TABLE `player`
  ADD PRIMARY KEY (`pid`);

--
-- 資料表索引 `result`
--
ALTER TABLE `result`
  ADD PRIMARY KEY (`resid`),
  ADD KEY `fk_player_pid` (`pid`),
  ADD KEY `fk_role_rid1` (`rid`),
  ADD KEY `fk_action_aid1` (`aid`),
  ADD KEY `fk_set_sid` (`sid`);

--
-- 資料表索引 `role`
--
ALTER TABLE `role`
  ADD PRIMARY KEY (`rid`);

--
-- 資料表索引 `role_action`
--
ALTER TABLE `role_action`
  ADD PRIMARY KEY (`raid`),
  ADD KEY `fk_role_rid` (`rid`),
  ADD KEY `fk_action_aid` (`aid`);

--
-- 資料表索引 `scoreboard`
--
ALTER TABLE `scoreboard`
  ADD PRIMARY KEY (`sbid`),
  ADD KEY `fk_result_resid` (`resid`);

--
-- 資料表索引 `sets`
--
ALTER TABLE `sets`
  ADD PRIMARY KEY (`sid`),
  ADD KEY `fk_match_mid` (`mid`);

--
-- 資料表索引 `team`
--
ALTER TABLE `team`
  ADD PRIMARY KEY (`tid`);

--
-- 在傾印的資料表使用自動遞增(AUTO_INCREMENT)
--

--
-- 使用資料表自動遞增(AUTO_INCREMENT) `accounts`
--
ALTER TABLE `accounts`
  MODIFY `acid` int(255) NOT NULL AUTO_INCREMENT, AUTO_INCREMENT=3;

--
-- 使用資料表自動遞增(AUTO_INCREMENT) `action`
--
ALTER TABLE `action`
  MODIFY `aid` int(255) NOT NULL AUTO_INCREMENT, AUTO_INCREMENT=41;

--
-- 使用資料表自動遞增(AUTO_INCREMENT) `matches`
--
ALTER TABLE `matches`
  MODIFY `mid` int(255) NOT NULL AUTO_INCREMENT, AUTO_INCREMENT=70;

--
-- 使用資料表自動遞增(AUTO_INCREMENT) `player`
--
ALTER TABLE `player`
  MODIFY `pid` int(255) NOT NULL AUTO_INCREMENT, AUTO_INCREMENT=41;

--
-- 使用資料表自動遞增(AUTO_INCREMENT) `result`
--
ALTER TABLE `result`
  MODIFY `resid` int(255) NOT NULL AUTO_INCREMENT, AUTO_INCREMENT=1911;

--
-- 使用資料表自動遞增(AUTO_INCREMENT) `role`
--
ALTER TABLE `role`
  MODIFY `rid` int(255) NOT NULL AUTO_INCREMENT, AUTO_INCREMENT=8;

--
-- 使用資料表自動遞增(AUTO_INCREMENT) `role_action`
--
ALTER TABLE `role_action`
  MODIFY `raid` int(255) NOT NULL AUTO_INCREMENT, AUTO_INCREMENT=329;

--
-- 使用資料表自動遞增(AUTO_INCREMENT) `scoreboard`
--
ALTER TABLE `scoreboard`
  MODIFY `sbid` int(255) NOT NULL AUTO_INCREMENT, AUTO_INCREMENT=1911;

--
-- 使用資料表自動遞增(AUTO_INCREMENT) `sets`
--
ALTER TABLE `sets`
  MODIFY `sid` int(255) NOT NULL AUTO_INCREMENT, AUTO_INCREMENT=65;

--
-- 使用資料表自動遞增(AUTO_INCREMENT) `team`
--
ALTER TABLE `team`
  MODIFY `tid` int(255) NOT NULL AUTO_INCREMENT, AUTO_INCREMENT=29;

--
-- 已傾印資料表的限制式
--

--
-- 資料表的限制式 `matches`
--
ALTER TABLE `matches`
  ADD CONSTRAINT `fk_accounts_acid` FOREIGN KEY (`acid`) REFERENCES `accounts` (`acid`) ON DELETE CASCADE ON UPDATE CASCADE,
  ADD CONSTRAINT `fk_team_tid` FOREIGN KEY (`tid`) REFERENCES `team` (`tid`);

--
-- 資料表的限制式 `result`
--
ALTER TABLE `result`
  ADD CONSTRAINT `fk_action_aid1` FOREIGN KEY (`aid`) REFERENCES `action` (`aid`),
  ADD CONSTRAINT `fk_player_pid` FOREIGN KEY (`pid`) REFERENCES `player` (`pid`),
  ADD CONSTRAINT `fk_role_rid1` FOREIGN KEY (`rid`) REFERENCES `role` (`rid`),
  ADD CONSTRAINT `fk_set_sid` FOREIGN KEY (`sid`) REFERENCES `sets` (`sid`);

--
-- 資料表的限制式 `role_action`
--
ALTER TABLE `role_action`
  ADD CONSTRAINT `fk_action_aid` FOREIGN KEY (`aid`) REFERENCES `action` (`aid`),
  ADD CONSTRAINT `fk_role_rid` FOREIGN KEY (`rid`) REFERENCES `role` (`rid`);

--
-- 資料表的限制式 `scoreboard`
--
ALTER TABLE `scoreboard`
  ADD CONSTRAINT `fk_result_resid` FOREIGN KEY (`resid`) REFERENCES `result` (`resid`);

--
-- 資料表的限制式 `sets`
--
ALTER TABLE `sets`
  ADD CONSTRAINT `fk_match_mid` FOREIGN KEY (`mid`) REFERENCES `matches` (`mid`);
COMMIT;

/*!40101 SET CHARACTER_SET_CLIENT=@OLD_CHARACTER_SET_CLIENT */;
/*!40101 SET CHARACTER_SET_RESULTS=@OLD_CHARACTER_SET_RESULTS */;
/*!40101 SET COLLATION_CONNECTION=@OLD_COLLATION_CONNECTION */;
